datetime,chp_gas_in,chp_el_out,chp_heat_out,chp_status,heat_demand,electricity_price,gas_price
2026-04-01 00:00:00,7.445,2.77,3.41,1.0,3.41,88.513,33.577
2026-04-01 01:00:00,7.664,2.851,3.51,1.0,3.51,83.846,33.577
2026-04-01 02:00:00,7.904,2.94,3.62,1.0,3.62,82.212,33.577
2026-04-01 03:00:00,8.341,3.103,3.82,1.0,3.82,81.092,33.577
2026-04-01 04:00:00,9.301,3.46,4.26,1.0,4.26,82.633,33.577
2026-04-01 05:00:00,10.306,3.834,4.72,1.0,4.72,90.672,33.577
2026-04-01 06:00:00,10.611,3.947,4.86,1.0,4.86,115.888,33.494
2026-04-01 07:00:00,10.895,4.053,4.99,1.0,4.99,136.232,33.494
2026-04-01 08:00:00,10.546,3.923,4.83,1.0,4.83,97.98,33.494
2026-04-01 09:00:00,9.934,3.696,4.55,1.0,4.55,80.22,33.494
2026-04-01 10:00:00,9.541,3.549,4.37,1.0,4.37,66.34,33.494
2026-04-01 11:00:00,9.41,3.501,4.31,1.0,4.31,57.879,33.494
2026-04-01 12:00:00,9.323,3.468,4.27,1.0,4.27,50.097,33.494
2026-04-01 13:00:00,9.476,3.525,4.34,1.0,4.34,45.316,33.494
2026-04-01 14:00:00,9.432,3.509,4.32,1.0,4.32,46.424,33.494
2026-04-01 15:00:00,9.607,3.574,4.4,1.0,4.4,51.546,33.494
2026-04-01 16:00:00,9.803,3.647,4.49,1.0,4.49,60.901,33.494
2026-04-01 17:00:00,10.109,3.761,4.63,1.0,4.63,76.566,33.494
2026-04-01 18:00:00,10.524,3.915,4.82,1.0,4.82,94.27,33.494
2026-04-01 19:00:00,10.83,4.029,4.96,1.0,4.96,118.265,33.494
2026-04-01 20:00:00,10.983,4.086,5.03,1.0,5.03,143.138,33.494
2026-04-01 21:00:00,10.786,4.012,4.94,1.0,4.94,117.756,33.494
2026-04-01 22:00:00,9.803,3.647,4.49,1.0,4.49,104.623,33.494
2026-04-01 23:00:00,7.926,2.948,3.63,1.0,3.63,93.472,33.494
2026-04-02 00:00:00,7.62,2.835,3.49,1.0,3.49,88.463,33.494
2026-04-02 01:00:00,7.751,2.883,3.55,1.0,3.55,83.796,33.494
2026-04-02 02:00:00,7.969,2.965,3.65,1.0,3.65,82.162,33.494
2026-04-02 03:00:00,8.428,3.135,3.86,1.0,3.86,81.043,33.494
2026-04-02 04:00:00,9.345,3.476,4.28,1.0,4.28,82.584,33.494
2026-04-02 05:00:00,10.328,3.842,4.73,1.0,4.73,90.622,33.494
2026-04-02 06:00:00,10.611,3.947,4.86,1.0,4.86,115.839,33.437
2026-04-02 07:00:00,10.721,3.988,4.91,1.0,4.91,136.183,33.437
2026-04-02 08:00:00,10.306,3.834,4.72,1.0,4.72,97.931,33.437
2026-04-02 09:00:00,9.694,3.606,4.44,1.0,4.44,80.171,33.437
2026-04-02 10:00:00,9.039,3.363,4.14,1.0,4.14,66.291,33.437
2026-04-02 11:00:00,8.668,3.225,3.97,1.0,3.97,57.83,33.437
2026-04-02 12:00:00,8.603,3.2,3.94,1.0,3.94,50.048,33.437
2026-04-02 13:00:00,8.69,3.233,3.98,1.0,3.98,45.267,33.437
2026-04-02 14:00:00,8.493,3.16,3.89,1.0,3.89,46.375,33.437
2026-04-02 15:00:00,8.712,3.241,3.99,1.0,3.99,51.497,33.437
2026-04-02 16:00:00,8.952,3.33,4.1,1.0,4.1,60.852,33.437
2026-04-02 17:00:00,9.301,3.46,4.26,1.0,4.26,76.518,33.437
2026-04-02 18:00:00,9.825,3.655,4.5,1.0,4.5,94.221,33.437
2026-04-02 19:00:00,10.175,3.785,4.66,1.0,4.66,118.217,33.437
2026-04-02 20:00:00,10.284,3.826,4.71,1.0,4.71,143.09,33.437
2026-04-02 21:00:00,10.153,3.777,4.65,1.0,4.65,117.708,33.437
2026-04-02 22:00:00,9.367,3.484,4.29,1.0,4.29,104.575,33.437
2026-04-02 23:00:00,7.62,2.835,3.49,1.0,3.49,93.425,33.437
2026-04-03 00:00:00,7.336,2.729,3.36,1.0,3.36,73.156,33.437
2026-04-03 01:00:00,7.62,2.835,3.49,1.0,3.49,66.524,33.437
2026-04-03 02:00:00,7.817,2.908,3.58,1.0,3.58,64.617,33.437
2026-04-03 03:00:00,8.253,3.07,3.78,1.0,3.78,62.259,33.437
2026-04-03 04:00:00,9.105,3.387,4.17,1.0,4.17,62.297,33.437
2026-04-03 05:00:00,9.978,3.712,4.57,1.0,4.57,64.124,33.437
2026-04-03 06:00:00,10.131,3.769,4.64,1.0,4.64,65.312,33.131
2026-04-03 07:00:00,10.131,3.769,4.64,1.0,4.64,67.488,33.131
2026-04-03 08:00:00,9.803,3.647,4.49,1.0,4.49,49.666,33.131
2026-04-03 09:00:00,9.651,3.59,4.42,1.0,4.42,42.051,33.131
2026-04-03 10:00:00,9.148,3.403,4.19,1.0,4.19,31.797,33.131
2026-04-03 11:00:00,9.192,3.419,4.21,1.0,4.21,24.812,33.131
2026-04-03 12:00:00,8.996,3.346,4.12,1.0,4.12,19.043,33.131
2026-04-03 13:00:00,8.908,3.314,4.08,1.0,4.08,13.149,33.131
2026-04-03 14:00:00,8.865,3.298,4.06,1.0,4.06,13.564,33.131
2026-04-03 15:00:00,8.712,3.241,3.99,1.0,3.99,22.133,33.131
2026-04-03 16:00:00,8.996,3.346,4.12,1.0,4.12,39.319,33.131
2026-04-03 17:00:00,9.41,3.501,4.31,1.0,4.31,62.608,33.131
2026-04-03 18:00:00,9.738,3.623,4.46,1.0,4.46,81.189,33.131
2026-04-03 19:00:00,10.306,3.834,4.72,1.0,4.72,89.277,33.131
2026-04-03 20:00:00,10.786,4.012,4.94,1.0,4.94,109.547,33.131
2026-04-03 21:00:00,10.502,3.907,4.81,1.0,4.81,98.781,33.131
2026-04-03 22:00:00,9.432,3.509,4.32,1.0,4.32,91.894,33.131
2026-04-03 23:00:00,7.751,2.883,3.55,1.0,3.55,83.812,33.131
2026-04-04 00:00:00,7.642,2.843,3.5,1.0,3.5,83.456,33.131
2026-04-04 01:00:00,7.817,2.908,3.58,1.0,3.58,77.342,33.131
2026-04-04 02:00:00,8.122,3.021,3.72,1.0,3.72,75.085,33.131
2026-04-04 03:00:00,8.341,3.103,3.82,1.0,3.82,73.325,33.131
2026-04-04 04:00:00,9.258,3.444,4.24,1.0,4.24,73.571,33.131
2026-04-04 05:00:00,10.109,3.761,4.63,1.0,4.63,75.565,33.131
2026-04-04 06:00:00,10.066,3.744,4.61,1.0,4.61,79.369,33.076
2026-04-04 07:00:00,10.044,3.736,4.6,1.0,4.6,83.917,33.076
2026-04-04 08:00:00,9.803,3.647,4.49,1.0,4.49,83.096,33.076
2026-04-04 09:00:00,9.585,3.566,4.39,1.0,4.39,75.638,33.076
2026-04-04 10:00:00,9.389,3.493,4.3,1.0,4.3,62.386,33.076
2026-04-04 11:00:00,9.192,3.419,4.21,1.0,4.21,49.574,33.076
2026-04-04 12:00:00,9.061,3.371,4.15,1.0,4.15,41.689,33.076
2026-04-04 13:00:00,9.127,3.395,4.18,1.0,4.18,32.35,33.076
2026-04-04 14:00:00,8.886,3.306,4.07,1.0,4.07,32.044,33.076
2026-04-04 15:00:00,8.799,3.273,4.03,1.0,4.03,45.066,33.076
2026-04-04 16:00:00,9.192,3.419,4.21,1.0,4.21,61.722,33.076
2026-04-04 17:00:00,9.41,3.501,4.31,1.0,4.31,88.828,33.076
2026-04-04 18:00:00,9.738,3.623,4.46,1.0,4.46,111.122,33.076
2026-04-04 19:00:00,9.913,3.688,4.54,1.0,4.54,118.95,33.076
2026-04-04 20:00:00,10.044,3.736,4.6,1.0,4.6,106.915,33.076
2026-04-04 21:00:00,10.131,3.769,4.64,1.0,4.64,92.636,33.076
2026-04-04 22:00:00,9.345,3.476,4.28,1.0,4.28,86.799,33.076
2026-04-04 23:00:00,7.533,2.802,3.45,1.0,3.45,78.22,33.076
2026-04-05 00:00:00,7.205,2.68,3.3,1.0,3.3,73.062,33.076
2026-04-05 01:00:00,7.511,2.794,3.44,1.0,3.44,66.43,33.076
2026-04-05 02:00:00,7.664,2.851,3.51,1.0,3.51,64.523,33.076
2026-04-05 03:00:00,7.882,2.932,3.61,1.0,3.61,62.165,33.076
2026-04-05 04:00:00,8.734,3.249,4.0,1.0,4.0,62.203,33.076
2026-04-05 05:00:00,9.52,3.541,4.36,1.0,4.36,64.029,33.076
2026-04-05 06:00:00,9.279,3.452,4.25,1.0,4.25,65.217,33.022
2026-04-05 07:00:00,9.127,3.395,4.18,1.0,4.18,67.393,33.022
2026-04-05 08:00:00,9.192,3.419,4.21,1.0,4.21,64.428,33.022
2026-04-05 09:00:00,9.476,3.525,4.34,1.0,4.34,54.401,33.022
2026-04-05 10:00:00,9.214,3.428,4.22,1.0,4.22,40.898,33.022
2026-04-05 11:00:00,9.258,3.444,4.24,1.0,4.24,31.699,33.022
2026-04-05 12:00:00,9.061,3.371,4.15,1.0,4.15,24.104,33.022
2026-04-05 13:00:00,8.886,3.306,4.07,1.0,4.07,16.342,33.022
2026-04-05 14:00:00,8.865,3.298,4.06,1.0,4.06,16.889,33.022
2026-04-05 15:00:00,8.755,3.257,4.01,1.0,4.01,28.174,33.022
2026-04-05 16:00:00,9.192,3.419,4.21,1.0,4.21,50.806,33.022
2026-04-05 17:00:00,9.389,3.493,4.3,1.0,4.3,81.476,33.022
2026-04-05 18:00:00,9.585,3.566,4.39,1.0,4.39,105.946,33.022
2026-04-05 19:00:00,9.956,3.704,4.56,1.0,4.56,116.598,33.022
2026-04-05 20:00:00,10.24,3.809,4.69,1.0,4.69,109.451,33.022
2026-04-05 21:00:00,10.066,3.744,4.61,1.0,4.61,98.685,33.022
2026-04-05 22:00:00,9.039,3.363,4.14,1.0,4.14,91.798,33.022
2026-04-05 23:00:00,7.249,2.697,3.32,1.0,3.32,83.716,33.022
2026-04-06 00:00:00,6.943,2.583,3.18,1.0,3.18,73.013,33.022
2026-04-06 01:00:00,7.205,2.68,3.3,1.0,3.3,66.381,33.022
2026-04-06 02:00:00,7.424,2.762,3.4,1.0,3.4,64.474,33.022
2026-04-06 03:00:00,7.817,2.908,3.58,1.0,3.58,62.116,33.022
2026-04-06 04:00:00,8.581,3.192,3.93,1.0,3.93,62.154,33.022
2026-04-06 05:00:00,9.432,3.509,4.32,1.0,4.32,63.98,33.022
2026-04-06 06:00:00,9.563,3.558,4.38,1.0,4.38,65.168,32.969
2026-04-06 07:00:00,9.52,3.541,4.36,1.0,4.36,67.344,32.969
2026-04-06 08:00:00,9.039,3.363,4.14,1.0,4.14,49.521,32.969
2026-04-06 09:00:00,8.952,3.33,4.1,1.0,4.1,41.907,32.969
2026-04-06 10:00:00,8.297,3.086,3.8,1.0,3.8,31.652,32.969
2026-04-06 11:00:00,8.231,3.062,3.77,1.0,3.77,24.667,32.969
2026-04-06 12:00:00,8.013,2.981,3.67,1.0,3.67,18.898,32.969
2026-04-06 13:00:00,7.991,2.973,3.66,1.0,3.66,13.004,32.969
2026-04-06 14:00:00,7.795,2.9,3.57,1.0,3.57,13.418,32.969
2026-04-06 15:00:00,7.62,2.835,3.49,1.0,3.49,21.987,32.969
2026-04-06 16:00:00,7.642,2.843,3.5,1.0,3.5,39.172,32.969
2026-04-06 17:00:00,8.21,3.054,3.76,1.0,3.76,62.461,32.969
2026-04-06 18:00:00,8.712,3.241,3.99,1.0,3.99,81.042,32.969
2026-04-06 19:00:00,9.236,3.436,4.23,1.0,4.23,89.13,32.969
2026-04-06 20:00:00,9.651,3.59,4.42,1.0,4.42,109.4,32.969
2026-04-06 21:00:00,9.541,3.549,4.37,1.0,4.37,98.634,32.969
2026-04-06 22:00:00,8.559,3.184,3.92,1.0,3.92,91.746,32.969
2026-04-06 23:00:00,6.769,2.518,3.1,1.0,3.1,83.664,32.969
2026-04-07 00:00:00,6.419,2.388,2.94,1.0,2.94,88.22,32.969
2026-04-07 01:00:00,6.594,2.453,3.02,1.0,3.02,83.553,32.969
2026-04-07 02:00:00,6.79,2.526,3.11,1.0,3.11,81.919,32.969
2026-04-07 03:00:00,7.271,2.705,3.33,1.0,3.33,80.799,32.969
2026-04-07 04:00:00,8.253,3.07,3.78,1.0,3.78,82.34,32.969
2026-04-07 05:00:00,9.345,3.476,4.28,1.0,4.28,90.378,32.969
2026-04-07 06:00:00,9.607,3.574,4.4,1.0,4.4,115.594,33.168
2026-04-07 07:00:00,9.76,3.631,4.47,1.0,4.47,135.938,33.168
2026-04-07 08:00:00,9.127,3.395,4.18,1.0,4.18,97.686,33.168
2026-04-07 09:00:00,8.537,3.176,3.91,1.0,3.91,79.925,33.168
2026-04-07 10:00:00,7.904,2.94,3.62,1.0,3.62,66.045,33.168
2026-04-07 11:00:00,7.664,2.851,3.51,1.0,3.51,57.583,33.168
2026-04-07 12:00:00,7.467,2.778,3.42,1.0,3.42,49.801,33.168
2026-04-07 13:00:00,7.467,2.778,3.42,1.0,3.42,45.02,33.168
2026-04-07 14:00:00,7.314,2.721,3.35,1.0,3.35,46.128,33.168
2026-04-07 15:00:00,7.336,2.729,3.36,1.0,3.36,51.249,33.168
2026-04-07 16:00:00,7.555,2.81,3.46,1.0,3.46,60.604,33.168
2026-04-07 17:00:00,8.122,3.021,3.72,1.0,3.72,76.269,33.168
2026-04-07 18:00:00,8.821,3.281,4.04,1.0,4.04,93.972,33.168
2026-04-07 19:00:00,9.192,3.419,4.21,1.0,4.21,117.967,33.168
2026-04-07 20:00:00,9.41,3.501,4.31,1.0,4.31,142.84,33.168
2026-04-07 21:00:00,9.301,3.46,4.26,1.0,4.26,117.457,33.168
2026-04-07 22:00:00,8.493,3.16,3.89,1.0,3.89,104.324,33.168
2026-04-07 23:00:00,6.769,2.518,3.1,1.0,3.1,93.173,33.168
2026-04-08 00:00:00,6.441,2.396,2.95,1.0,2.95,88.163,33.168
2026-04-08 01:00:00,6.441,2.396,2.95,1.0,2.95,83.496,33.168
2026-04-08 02:00:00,6.725,2.502,3.08,1.0,3.08,81.862,33.168
2026-04-08 03:00:00,7.14,2.656,3.27,1.0,3.27,80.741,33.168
2026-04-08 04:00:00,8.013,2.981,3.67,1.0,3.67,82.282,33.168
2026-04-08 05:00:00,9.039,3.363,4.14,1.0,4.14,90.32,33.168
2026-04-08 06:00:00,9.301,3.46,4.26,1.0,4.26,115.536,33.117
2026-04-08 07:00:00,9.432,3.509,4.32,1.0,4.32,135.88,33.117
2026-04-08 08:00:00,8.908,3.314,4.08,1.0,4.08,97.627,33.117
2026-04-08 09:00:00,8.253,3.07,3.78,1.0,3.78,79.866,33.117
2026-04-08 10:00:00,7.664,2.851,3.51,1.0,3.51,65.986,33.117
2026-04-08 11:00:00,7.424,2.762,3.4,1.0,3.4,57.524,33.117
2026-04-08 12:00:00,7.183,2.672,3.29,1.0,3.29,49.741,33.117
2026-04-08 13:00:00,7.402,2.753,3.39,1.0,3.39,44.96,33.117
2026-04-08 14:00:00,7.271,2.705,3.33,1.0,3.33,46.068,33.117
2026-04-08 15:00:00,7.489,2.786,3.43,1.0,3.43,51.188,33.117
2026-04-08 16:00:00,7.642,2.843,3.5,1.0,3.5,60.543,33.117
2026-04-08 17:00:00,8.1,3.013,3.71,1.0,3.71,76.208,33.117
2026-04-08 18:00:00,8.646,3.216,3.96,1.0,3.96,93.911,33.117
2026-04-08 19:00:00,9.061,3.371,4.15,1.0,4.15,117.906,33.117
2026-04-08 20:00:00,9.236,3.436,4.23,1.0,4.23,142.778,33.117
2026-04-08 21:00:00,9.017,3.354,4.13,1.0,4.13,117.395,33.117
2026-04-08 22:00:00,8.297,3.086,3.8,1.0,3.8,104.262,33.117
2026-04-08 23:00:00,6.703,2.494,3.07,1.0,3.07,93.111,33.117
2026-04-09 00:00:00,6.376,2.372,2.92,1.0,2.92,88.101,33.117
2026-04-09 01:00:00,6.594,2.453,3.02,1.0,3.02,83.433,33.117
2026-04-09 02:00:00,6.878,2.559,3.15,1.0,3.15,81.799,33.117
2026-04-09 03:00:00,7.336,2.729,3.36,1.0,3.36,80.678,33.117
2026-04-09 04:00:00,8.253,3.07,3.78,1.0,3.78,82.218,33.117
2026-04-09 05:00:00,9.214,3.428,4.22,1.0,4.22,90.256,33.117
2026-04-09 06:00:00,9.651,3.59,4.42,1.0,4.42,115.472,33.067
2026-04-09 07:00:00,9.694,3.606,4.44,1.0,4.44,135.815,33.067
2026-04-09 08:00:00,8.821,3.281,4.04,1.0,4.04,97.562,33.067
2026-04-09 09:00:00,8.1,3.013,3.71,1.0,3.71,79.801,33.067
2026-04-09 10:00:00,7.533,2.802,3.45,1.0,3.45,65.92,33.067
2026-04-09 11:00:00,6.943,2.583,3.18,1.0,3.18,57.458,33.067
2026-04-09 12:00:00,6.747,2.51,3.09,1.0,3.09,49.675,33.067
2026-04-09 13:00:00,7.009,2.607,3.21,1.0,3.21,44.893,33.067
2026-04-09 14:00:00,6.921,2.575,3.17,1.0,3.17,46.001,33.067
2026-04-09 15:00:00,7.009,2.607,3.21,1.0,3.21,51.121,33.067
2026-04-09 16:00:00,7.314,2.721,3.35,1.0,3.35,60.475,33.067
2026-04-09 17:00:00,7.838,2.916,3.59,1.0,3.59,76.14,33.067
2026-04-09 18:00:00,8.537,3.176,3.91,1.0,3.91,93.842,33.067
2026-04-09 19:00:00,9.039,3.363,4.14,1.0,4.14,117.837,33.067
2026-04-09 20:00:00,9.301,3.46,4.26,1.0,4.26,142.709,33.067
2026-04-09 21:00:00,9.105,3.387,4.17,1.0,4.17,117.326,33.067
2026-04-09 22:00:00,8.275,3.078,3.79,1.0,3.79,104.192,33.067
2026-04-09 23:00:00,6.594,2.453,3.02,1.0,3.02,93.041,33.067
2026-04-10 00:00:00,6.332,2.355,2.9,1.0,2.9,84.95,33.067
2026-04-10 01:00:00,6.528,2.429,2.99,1.0,2.99,79.033,33.067
2026-04-10 02:00:00,6.703,2.494,3.07,1.0,3.07,76.653,33.067
2026-04-10 03:00:00,7.227,2.688,3.31,1.0,3.31,75.699,33.067
2026-04-10 04:00:00,8.188,3.046,3.75,1.0,3.75,76.996,33.067
2026-04-10 05:00:00,9.214,3.428,4.22,1.0,4.22,84.269,33.067
2026-04-10 06:00:00,9.52,3.541,4.36,1.0,4.36,103.93,32.92
2026-04-10 07:00:00,9.651,3.59,4.42,1.0,4.42,119.279,32.92
2026-04-10 08:00:00,8.974,3.338,4.11,1.0,4.11,88.869,32.92
2026-04-10 09:00:00,8.253,3.07,3.78,1.0,3.78,76.354,32.92
2026-04-10 10:00:00,7.664,2.851,3.51,1.0,3.51,63.322,32.92
2026-04-10 11:00:00,7.358,2.737,3.37,1.0,3.37,53.628,32.92
2026-04-10 12:00:00,7.358,2.737,3.37,1.0,3.37,45.718,32.92
2026-04-10 13:00:00,7.227,2.688,3.31,1.0,3.31,40.918,32.92
2026-04-10 14:00:00,7.118,2.648,3.26,1.0,3.26,40.152,32.92
2026-04-10 15:00:00,7.227,2.688,3.31,1.0,3.31,44.155,32.92
2026-04-10 16:00:00,7.511,2.794,3.44,1.0,3.44,50.994,32.92
2026-04-10 17:00:00,7.926,2.948,3.63,1.0,3.63,67.187,32.92
2026-04-10 18:00:00,8.712,3.241,3.99,1.0,3.99,82.773,32.92
2026-04-10 19:00:00,9.192,3.419,4.21,1.0,4.21,96.647,32.92
2026-04-10 20:00:00,9.323,3.468,4.27,1.0,4.27,120.648,32.92
2026-04-10 21:00:00,9.105,3.387,4.17,1.0,4.17,100.602,32.92
2026-04-10 22:00:00,8.362,3.111,3.83,1.0,3.83,91.799,32.92
2026-04-10 23:00:00,6.703,2.494,3.07,1.0,3.07,84.579,32.92
2026-04-11 00:00:00,6.616,2.461,3.03,1.0,3.03,83.039,32.92
2026-04-11 01:00:00,6.769,2.518,3.1,1.0,3.1,76.923,32.92
2026-04-11 02:00:00,6.943,2.583,3.18,1.0,3.18,74.665,32.92
2026-04-11 03:00:00,7.205,2.68,3.3,1.0,3.3,72.903,32.92
2026-04-11 04:00:00,7.991,2.973,3.66,1.0,3.66,73.147,32.92
2026-04-11 05:00:00,8.865,3.298,4.06,1.0,4.06,75.14,32.92
2026-04-11 06:00:00,8.93,3.322,4.09,1.0,4.09,78.942,32.727
2026-04-11 07:00:00,8.755,3.257,4.01,1.0,4.01,83.489,32.727
2026-04-11 08:00:00,8.406,3.127,3.85,1.0,3.85,82.666,32.727
2026-04-11 09:00:00,8.144,3.03,3.73,1.0,3.73,75.206,32.727
2026-04-11 10:00:00,7.948,2.957,3.64,1.0,3.64,61.953,32.727
2026-04-11 11:00:00,7.664,2.851,3.51,1.0,3.51,49.139,32.727
2026-04-11 12:00:00,7.62,2.835,3.49,1.0,3.49,41.252,32.727
2026-04-11 13:00:00,7.598,2.827,3.48,1.0,3.48,31.911,32.727
2026-04-11 14:00:00,7.576,2.818,3.47,1.0,3.47,31.604,32.727
2026-04-11 15:00:00,7.707,2.867,3.53,1.0,3.53,44.623,32.727
2026-04-11 16:00:00,8.122,3.021,3.72,1.0,3.72,61.278,32.727
2026-04-11 17:00:00,8.428,3.135,3.86,1.0,3.86,88.382,32.727
2026-04-11 18:00:00,8.712,3.241,3.99,1.0,3.99,110.674,32.727
2026-04-11 19:00:00,9.017,3.354,4.13,1.0,4.13,118.5,32.727
2026-04-11 20:00:00,9.148,3.403,4.19,1.0,4.19,106.463,32.727
2026-04-11 21:00:00,8.974,3.338,4.11,1.0,4.11,92.182,32.727
2026-04-11 22:00:00,8.341,3.103,3.82,1.0,3.82,86.344,32.727
2026-04-11 23:00:00,6.703,2.494,3.07,1.0,3.07,77.763,32.727
2026-04-12 00:00:00,6.507,2.42,2.98,1.0,2.98,72.603,32.727
2026-04-12 01:00:00,6.681,2.485,3.06,1.0,3.06,65.969,32.727
2026-04-12 02:00:00,6.9,2.567,3.16,1.0,3.16,64.059,32.727
2026-04-12 03:00:00,7.205,2.68,3.3,1.0,3.3,61.7,32.727
2026-04-12 04:00:00,8.057,2.997,3.69,1.0,3.69,61.736,32.727
2026-04-12 05:00:00,8.755,3.257,4.01,1.0,4.01,63.56,32.727
2026-04-12 06:00:00,8.865,3.298,4.06,1.0,4.06,64.746,32.688
2026-04-12 07:00:00,8.777,3.265,4.02,1.0,4.02,66.92,32.688
2026-04-12 08:00:00,8.319,3.095,3.81,1.0,3.81,63.952,32.688
2026-04-12 09:00:00,7.969,2.965,3.65,1.0,3.65,53.923,32.688
2026-04-12 10:00:00,7.664,2.851,3.51,1.0,3.51,40.418,32.688
2026-04-12 11:00:00,7.402,2.753,3.39,1.0,3.39,31.217,32.688
2026-04-12 12:00:00,7.249,2.697,3.32,1.0,3.32,23.619,32.688
2026-04-12 13:00:00,7.293,2.713,3.34,1.0,3.34,15.856,32.688
2026-04-12 14:00:00,7.162,2.664,3.28,1.0,3.28,16.401,32.688
2026-04-12 15:00:00,7.074,2.632,3.24,1.0,3.24,27.684,32.688
2026-04-12 16:00:00,7.38,2.745,3.38,1.0,3.38,50.313,32.688
2026-04-12 17:00:00,7.511,2.794,3.44,1.0,3.44,80.981,32.688
2026-04-12 18:00:00,8.057,2.997,3.69,1.0,3.69,105.449,32.688
2026-04-12 19:00:00,8.559,3.184,3.92,1.0,3.92,116.098,32.688
2026-04-12 20:00:00,8.821,3.281,4.04,1.0,4.04,108.949,32.688
2026-04-12 21:00:00,8.581,3.192,3.93,1.0,3.93,98.181,32.688
2026-04-12 22:00:00,7.904,2.94,3.62,1.0,3.62,91.291,32.688
2026-04-12 23:00:00,6.31,2.347,2.89,1.0,2.89,83.207,32.688
2026-04-13 00:00:00,6.048,2.25,2.77,1.0,2.77,82.691,32.688
2026-04-13 01:00:00,6.135,2.282,2.81,1.0,2.81,79.217,32.688
2026-04-13 02:00:00,6.288,2.339,2.88,1.0,2.88,77.156,32.688
2026-04-13 03:00:00,6.747,2.51,3.09,1.0,3.09,76.699,32.688
2026-04-13 04:00:00,7.62,2.835,3.49,1.0,3.49,78.098,32.688
2026-04-13 05:00:00,8.624,3.208,3.95,1.0,3.95,87.812,32.688
2026-04-13 06:00:00,8.865,3.298,4.06,1.0,4.06,115.496,32.802
2026-04-13 07:00:00,9.039,3.363,4.14,1.0,4.14,143.752,32.802
2026-04-13 08:00:00,8.45,3.143,3.87,1.0,3.87,104.804,32.802
2026-04-13 09:00:00,7.795,2.9,3.57,1.0,3.57,84.666,32.802
2026-04-13 10:00:00,7.205,2.68,3.3,1.0,3.3,72.163,32.802
2026-04-13 11:00:00,6.921,2.575,3.17,1.0,3.17,61.905,32.802
2026-04-13 12:00:00,6.9,2.567,3.16,1.0,3.16,52.487,32.802
2026-04-13 13:00:00,7.052,2.623,3.23,1.0,3.23,48.246,32.802
2026-04-13 14:00:00,7.031,2.615,3.22,1.0,3.22,47.878,32.802
2026-04-13 15:00:00,7.227,2.688,3.31,1.0,3.31,53.306,32.802
2026-04-13 16:00:00,7.576,2.818,3.47,1.0,3.47,59.147,32.802
2026-04-13 17:00:00,7.817,2.908,3.58,1.0,3.58,74.67,32.802
2026-04-13 18:00:00,8.493,3.16,3.89,1.0,3.89,95.654,32.802
2026-04-13 19:00:00,8.974,3.338,4.11,1.0,4.11,128.103,32.802
2026-04-13 20:00:00,9.323,3.468,4.27,1.0,4.27,146.873,32.802
2026-04-13 21:00:00,9.061,3.371,4.15,1.0,4.15,112.324,32.802
2026-04-13 22:00:00,8.275,3.078,3.79,1.0,3.79,97.863,32.802
2026-04-13 23:00:00,6.769,2.518,3.1,1.0,3.1,87.398,32.802
2026-04-14 00:00:00,6.419,2.388,2.94,1.0,2.94,87.647,32.802
2026-04-14 01:00:00,6.594,2.453,3.02,1.0,3.02,82.977,32.802
2026-04-14 02:00:00,6.769,2.518,3.1,1.0,3.1,81.34,32.802
2026-04-14 03:00:00,7.205,2.68,3.3,1.0,3.3,80.217,32.802
2026-04-14 04:00:00,8.035,2.989,3.68,1.0,3.68,81.755,32.802
2026-04-14 05:00:00,8.886,3.306,4.07,1.0,4.07,89.79,32.802
2026-04-14 06:00:00,9.127,3.395,4.18,1.0,4.18,115.004,32.87
2026-04-14 07:00:00,9.214,3.428,4.22,1.0,4.22,135.345,32.87
2026-04-14 08:00:00,8.559,3.184,3.92,1.0,3.92,97.089,32.87
2026-04-14 09:00:00,8.035,2.989,3.68,1.0,3.68,79.325,32.87
2026-04-14 10:00:00,7.467,2.778,3.42,1.0,3.42,65.442,32.87
2026-04-14 11:00:00,7.162,2.664,3.28,1.0,3.28,56.977,32.87
2026-04-14 12:00:00,7.14,2.656,3.27,1.0,3.27,49.192,32.87
2026-04-14 13:00:00,7.38,2.745,3.38,1.0,3.38,44.408,32.87
2026-04-14 14:00:00,7.293,2.713,3.34,1.0,3.34,45.513,32.87
2026-04-14 15:00:00,7.271,2.705,3.33,1.0,3.33,50.631,32.87
2026-04-14 16:00:00,7.707,2.867,3.53,1.0,3.53,59.983,32.87
2026-04-14 17:00:00,7.969,2.965,3.65,1.0,3.65,75.645,32.87
2026-04-14 18:00:00,8.515,3.168,3.9,1.0,3.9,93.345,32.87
2026-04-14 19:00:00,8.886,3.306,4.07,1.0,4.07,117.337,32.87
2026-04-14 20:00:00,9.148,3.403,4.19,1.0,4.19,142.208,32.87
2026-04-14 21:00:00,8.777,3.265,4.02,1.0,4.02,116.822,32.87
2026-04-14 22:00:00,8.013,2.981,3.67,1.0,3.67,103.685,32.87
2026-04-14 23:00:00,6.485,2.412,2.97,1.0,2.97,92.531,32.87
2026-04-15 00:00:00,6.092,2.266,2.79,1.0,2.79,87.515,32.87
2026-04-15 01:00:00,6.135,2.282,2.81,1.0,2.81,82.837,32.87
2026-04-15 02:00:00,6.223,2.315,2.85,1.0,2.85,81.193,32.87
2026-04-15 03:00:00,6.638,2.469,3.04,1.0,3.04,80.063,32.87
2026-04-15 04:00:00,7.467,2.778,3.42,1.0,3.42,81.593,32.87
2026-04-15 05:00:00,8.493,3.16,3.89,1.0,3.89,89.621,32.87
2026-04-15 06:00:00,8.755,3.257,4.01,1.0,4.01,114.827,32.841
2026-04-15 07:00:00,8.908,3.314,4.08,1.0,4.08,135.16,32.841
2026-04-15 08:00:00,8.341,3.103,3.82,1.0,3.82,96.896,32.841
2026-04-15 09:00:00,7.795,2.9,3.57,1.0,3.57,79.125,32.841
2026-04-15 10:00:00,7.227,2.688,3.31,1.0,3.31,65.234,32.841
2026-04-15 11:00:00,7.14,2.656,3.27,1.0,3.27,56.762,32.841
2026-04-15 12:00:00,6.921,2.575,3.17,1.0,3.17,48.969,32.841
2026-04-15 13:00:00,7.052,2.623,3.23,1.0,3.23,44.177,32.841
2026-04-15 14:00:00,6.79,2.526,3.11,1.0,3.11,45.274,32.841
2026-04-15 15:00:00,6.856,2.55,3.14,1.0,3.14,50.385,32.841
2026-04-15 16:00:00,7.096,2.64,3.25,1.0,3.25,59.729,32.841
2026-04-15 17:00:00,7.445,2.77,3.41,1.0,3.41,75.383,32.841
2026-04-15 18:00:00,8.079,3.005,3.7,1.0,3.7,93.075,32.841
2026-04-15 19:00:00,8.624,3.208,3.95,1.0,3.95,117.06,32.841
2026-04-15 20:00:00,9.017,3.354,4.13,1.0,4.13,141.923,32.841
2026-04-15 21:00:00,8.734,3.249,4.0,1.0,4.0,116.53,32.841
2026-04-15 22:00:00,7.948,2.957,3.64,1.0,3.64,103.386,32.841
2026-04-15 23:00:00,6.507,2.42,2.98,1.0,2.98,92.224,32.841
2026-04-16 00:00:00,6.114,2.274,2.8,1.0,2.8,87.203,32.841
2026-04-16 01:00:00,6.31,2.347,2.89,1.0,2.89,82.525,32.841
2026-04-16 02:00:00,6.616,2.461,3.03,1.0,3.03,80.88,32.841
2026-04-16 03:00:00,6.987,2.599,3.2,1.0,3.2,79.748,32.841
2026-04-16 04:00:00,7.838,2.916,3.59,1.0,3.59,81.278,32.841
2026-04-16 05:00:00,8.734,3.249,4.0,1.0,4.0,89.305,32.841
2026-04-16 06:00:00,9.105,3.387,4.17,1.0,4.17,114.51,32.816
2026-04-16 07:00:00,9.17,3.411,4.2,1.0,4.2,134.843,32.816
2026-04-16 08:00:00,8.297,3.086,3.8,1.0,3.8,96.577,32.816
2026-04-16 09:00:00,7.576,2.818,3.47,1.0,3.47,78.805,32.816
2026-04-16 10:00:00,7.009,2.607,3.21,1.0,3.21,64.914,32.816
2026-04-16 11:00:00,6.572,2.445,3.01,1.0,3.01,56.441,32.816
2026-04-16 12:00:00,6.55,2.437,3.0,1.0,3.0,48.647,32.816
2026-04-16 13:00:00,6.725,2.502,3.08,1.0,3.08,43.855,32.816
2026-04-16 14:00:00,6.616,2.461,3.03,1.0,3.03,44.951,32.816
2026-04-16 15:00:00,6.616,2.461,3.03,1.0,3.03,50.061,32.816
2026-04-16 16:00:00,6.769,2.518,3.1,1.0,3.1,59.404,32.816
2026-04-16 17:00:00,7.096,2.64,3.25,1.0,3.25,75.058,32.816
2026-04-16 18:00:00,7.882,2.932,3.61,1.0,3.61,92.749,32.816
2026-04-16 19:00:00,8.406,3.127,3.85,1.0,3.85,116.733,32.816
2026-04-16 20:00:00,8.799,3.273,4.03,1.0,4.03,141.596,32.816
2026-04-16 21:00:00,8.603,3.2,3.94,1.0,3.94,116.202,32.816
2026-04-16 22:00:00,7.969,2.965,3.65,1.0,3.65,103.057,32.816
2026-04-16 23:00:00,6.55,2.437,3.0,1.0,3.0,91.895,32.816
2026-04-17 00:00:00,6.179,2.299,2.83,1.0,2.83,83.793,32.816
2026-04-17 01:00:00,6.332,2.355,2.9,1.0,2.9,77.865,32.816
2026-04-17 02:00:00,6.638,2.469,3.04,1.0,3.04,75.473,32.816
2026-04-17 03:00:00,7.096,2.64,3.25,1.0,3.25,74.508,32.816
2026-04-17 04:00:00,7.926,2.948,3.63,1.0,3.63,75.794,32.816
2026-04-17 05:00:00,8.865,3.298,4.06,1.0,4.06,83.057,32.816
2026-04-17 06:00:00,9.214,3.428,4.22,1.0,4.22,102.706,32.695
2026-04-17 07:00:00,9.105,3.387,4.17,1.0,4.17,118.045,32.695
2026-04-17 08:00:00,7.969,2.965,3.65,1.0,3.65,87.621,32.695
2026-04-17 09:00:00,7.031,2.615,3.22,1.0,3.22,75.096,32.695
2026-04-17 10:00:00,6.31,2.347,2.89,1.0,2.89,62.052,32.695
2026-04-17 11:00:00,6.092,2.266,2.79,1.0,2.79,52.347,32.695
2026-04-17 12:00:00,6.07,2.258,2.78,1.0,2.78,44.426,32.695
2026-04-17 13:00:00,6.157,2.29,2.82,1.0,2.82,39.615,32.695
2026-04-17 14:00:00,6.026,2.242,2.76,1.0,2.76,38.837,32.695
2026-04-17 15:00:00,6.179,2.299,2.83,1.0,2.83,42.83,32.695
2026-04-17 16:00:00,6.528,2.429,2.99,1.0,2.99,49.658,32.695
2026-04-17 17:00:00,6.943,2.583,3.18,1.0,3.18,65.84,32.695
2026-04-17 18:00:00,7.751,2.883,3.55,1.0,3.55,81.415,32.695
2026-04-17 19:00:00,8.406,3.127,3.85,1.0,3.85,95.277,32.695
2026-04-17 20:00:00,8.821,3.281,4.04,1.0,4.04,119.269,32.695
2026-04-17 21:00:00,8.69,3.233,3.98,1.0,3.98,99.212,32.695
2026-04-17 22:00:00,7.904,2.94,3.62,1.0,3.62,90.398,32.695
2026-04-17 23:00:00,6.441,2.396,2.95,1.0,2.95,83.166,32.695
2026-04-18 00:00:00,6.245,2.323,2.86,1.0,2.86,81.615,32.695
2026-04-18 01:00:00,6.485,2.412,2.97,1.0,2.97,75.488,32.695
2026-04-18 02:00:00,6.725,2.502,3.08,1.0,3.08,73.218,32.695
2026-04-18 03:00:00,7.074,2.632,3.24,1.0,3.24,71.445,32.695
2026-04-18 04:00:00,7.795,2.9,3.57,1.0,3.57,71.678,32.695
2026-04-18 05:00:00,8.603,3.2,3.94,1.0,3.94,73.66,32.695
2026-04-18 06:00:00,8.755,3.257,4.01,1.0,4.01,77.451,32.527
2026-04-18 07:00:00,8.537,3.176,3.91,1.0,3.91,81.986,32.527
2026-04-18 08:00:00,7.555,2.81,3.46,1.0,3.46,81.152,32.527
2026-04-18 09:00:00,7.052,2.623,3.23,1.0,3.23,73.681,32.527
2026-04-18 10:00:00,6.507,2.42,2.98,1.0,2.98,60.416,32.527
2026-04-18 11:00:00,6.463,2.404,2.96,1.0,2.96,47.591,32.527
2026-04-18 12:00:00,6.397,2.38,2.93,1.0,2.93,39.693,32.527
2026-04-18 13:00:00,6.441,2.396,2.95,1.0,2.95,30.341,32.527
2026-04-18 14:00:00,6.201,2.307,2.84,1.0,2.84,30.022,32.527
2026-04-18 15:00:00,6.397,2.38,2.93,1.0,2.93,43.03,32.527
2026-04-18 16:00:00,6.943,2.583,3.18,1.0,3.18,59.674,32.527
2026-04-18 17:00:00,7.118,2.648,3.26,1.0,3.26,86.766,32.527
2026-04-18 18:00:00,7.838,2.916,3.59,1.0,3.59,109.047,32.527
2026-04-18 19:00:00,8.362,3.111,3.83,1.0,3.83,116.861,32.527
2026-04-18 20:00:00,8.646,3.216,3.96,1.0,3.96,104.813,32.527
2026-04-18 21:00:00,8.493,3.16,3.89,1.0,3.89,90.521,32.527
2026-04-18 22:00:00,7.707,2.867,3.53,1.0,3.53,84.672,32.527
2026-04-18 23:00:00,6.266,2.331,2.87,1.0,2.87,76.079,32.527
2026-04-19 00:00:00,6.114,2.274,2.8,1.0,2.8,70.908,32.527
2026-04-19 01:00:00,6.223,2.315,2.85,1.0,2.85,64.262,32.527
2026-04-19 02:00:00,6.354,2.364,2.91,1.0,2.91,62.342,32.527
2026-04-19 03:00:00,6.681,2.485,3.06,1.0,3.06,59.971,32.527
2026-04-19 04:00:00,7.402,2.753,3.39,1.0,3.39,59.995,32.527
2026-04-19 05:00:00,8.21,3.054,3.76,1.0,3.76,61.808,32.527
2026-04-19 06:00:00,8.319,3.095,3.81,1.0,3.81,62.983,32.513
2026-04-19 07:00:00,8.122,3.021,3.72,1.0,3.72,65.146,32.513
2026-04-19 08:00:00,7.402,2.753,3.39,1.0,3.39,62.166,32.513
2026-04-19 09:00:00,7.074,2.632,3.24,1.0,3.24,52.126,32.513
2026-04-19 10:00:00,6.769,2.518,3.1,1.0,3.1,38.61,32.513
2026-04-19 11:00:00,6.463,2.404,2.96,1.0,2.96,29.398,32.513
2026-04-19 12:00:00,6.135,2.282,2.81,1.0,2.81,21.788,32.513
2026-04-19 13:00:00,6.266,2.331,2.87,1.0,2.87,14.014,32.513
2026-04-19 14:00:00,6.114,2.274,2.8,1.0,2.8,14.547,32.513
2026-04-19 15:00:00,6.179,2.299,2.83,1.0,2.83,25.819,32.513
2026-04-19 16:00:00,6.616,2.461,3.03,1.0,3.03,48.437,32.513
2026-04-19 17:00:00,6.834,2.542,3.13,1.0,3.13,79.093,32.513
2026-04-19 18:00:00,7.62,2.835,3.49,1.0,3.49,103.55,32.513
2026-04-19 19:00:00,8.253,3.07,3.78,1.0,3.78,114.188,32.513
2026-04-19 20:00:00,8.755,3.257,4.01,1.0,4.01,107.027,32.513
2026-04-19 21:00:00,8.493,3.16,3.89,1.0,3.89,96.248,32.513
2026-04-19 22:00:00,7.751,2.883,3.55,1.0,3.55,89.347,32.513
2026-04-19 23:00:00,6.288,2.339,2.88,1.0,2.88,81.251,32.513
2026-04-20 00:00:00,5.939,2.209,2.72,1.0,2.72,80.724,32.513
2026-04-20 01:00:00,6.114,2.274,2.8,1.0,2.8,77.239,32.513
2026-04-20 02:00:00,6.332,2.355,2.9,1.0,2.9,75.166,32.513
2026-04-20 03:00:00,6.79,2.526,3.11,1.0,3.11,74.698,32.513
2026-04-20 04:00:00,7.598,2.827,3.48,1.0,3.48,76.086,32.513
2026-04-20 05:00:00,8.472,3.151,3.88,1.0,3.88,85.789,32.513
2026-04-20 06:00:00,8.799,3.273,4.03,1.0,4.03,113.462,32.651
2026-04-20 07:00:00,8.668,3.225,3.97,1.0,3.97,141.706,32.651
2026-04-20 08:00:00,7.489,2.786,3.43,1.0,3.43,102.744,32.651
2026-04-20 09:00:00,6.616,2.461,3.03,1.0,3.03,82.594,32.651
2026-04-20 10:00:00,5.961,2.217,2.73,1.0,2.73,70.081,32.651
2026-04-20 11:00:00,5.677,2.112,2.6,1.0,2.6,59.811,32.651
2026-04-20 12:00:00,5.59,2.079,2.56,1.0,2.56,50.381,32.651
2026-04-20 13:00:00,5.742,2.136,2.63,1.0,2.63,46.129,32.651
2026-04-20 14:00:00,5.546,2.063,2.54,1.0,2.54,45.75,32.651
2026-04-20 15:00:00,5.611,2.087,2.57,1.0,2.57,51.167,32.651
2026-04-20 16:00:00,5.961,2.217,2.73,1.0,2.73,56.997,32.651
2026-04-20 17:00:00,6.441,2.396,2.95,1.0,2.95,72.508,32.651
2026-04-20 18:00:00,7.271,2.705,3.33,1.0,3.33,93.481,32.651
2026-04-20 19:00:00,7.926,2.948,3.63,1.0,3.63,125.919,32.651
2026-04-20 20:00:00,8.428,3.135,3.86,1.0,3.86,144.681,32.651
2026-04-20 21:00:00,8.231,3.062,3.77,1.0,3.77,110.121,32.651
2026-04-20 22:00:00,7.445,2.77,3.41,1.0,3.41,95.648,32.651
2026-04-20 23:00:00,6.179,2.299,2.83,1.0,2.83,85.172,32.651
2026-04-21 00:00:00,5.764,2.144,2.64,1.0,2.64,85.41,32.651
2026-04-21 01:00:00,5.939,2.209,2.72,1.0,2.72,80.729,32.651
2026-04-21 02:00:00,6.179,2.299,2.83,1.0,2.83,79.081,32.651
2026-04-21 03:00:00,6.638,2.469,3.04,1.0,3.04,77.947,32.651
2026-04-21 04:00:00,7.38,2.745,3.38,1.0,3.38,79.474,32.651
2026-04-21 05:00:00,8.253,3.07,3.78,1.0,3.78,87.498,32.651
2026-04-21 06:00:00,8.69,3.233,3.98,1.0,3.98,112.701,32.744
2026-04-21 07:00:00,8.428,3.135,3.86,1.0,3.86,133.03,32.744
2026-04-21 08:00:00,7.14,2.656,3.27,1.0,3.27,94.76,32.744
2026-04-21 09:00:00,6.31,2.347,2.89,1.0,2.89,76.985,32.744
2026-04-21 10:00:00,5.59,2.079,2.56,1.0,2.56,63.091,32.744
2026-04-21 11:00:00,5.393,2.006,2.47,1.0,2.47,54.615,32.744
2026-04-21 12:00:00,5.24,1.949,2.4,1.0,2.4,46.819,32.744
2026-04-21 13:00:00,5.415,2.014,2.48,1.0,2.48,42.024,32.744
2026-04-21 14:00:00,5.109,1.901,2.34,1.0,2.34,43.118,32.744
2026-04-21 15:00:00,5.328,1.982,2.44,1.0,2.44,48.225,32.744
2026-04-21 16:00:00,5.459,2.031,2.5,1.0,2.5,57.565,32.744
2026-04-21 17:00:00,5.961,2.217,2.73,1.0,2.73,73.217,32.744
2026-04-21 18:00:00,6.921,2.575,3.17,1.0,3.17,90.906,32.744
2026-04-21 19:00:00,7.62,2.835,3.49,1.0,3.49,114.887,32.744
2026-04-21 20:00:00,8.166,3.038,3.74,1.0,3.74,139.75,32.744
2026-04-21 21:00:00,7.882,2.932,3.61,1.0,3.61,114.353,32.744
2026-04-21 22:00:00,7.074,2.632,3.24,1.0,3.24,101.206,32.744
2026-04-21 23:00:00,5.83,2.169,2.67,1.0,2.67,90.041,32.744
2026-04-22 00:00:00,5.371,1.998,2.46,1.0,2.46,85.017,32.744
2026-04-22 01:00:00,5.437,2.022,2.49,1.0,2.49,80.336,32.744
2026-04-22 02:00:00,5.655,2.104,2.59,1.0,2.59,78.688,32.744
2026-04-22 03:00:00,6.135,2.282,2.81,1.0,2.81,77.553,32.744
2026-04-22 04:00:00,6.921,2.575,3.17,1.0,3.17,79.08,32.744
2026-04-22 05:00:00,7.838,2.916,3.59,1.0,3.59,87.103,32.744
2026-04-22 06:00:00,8.275,3.078,3.79,1.0,3.79,112.306,32.739
2026-04-22 07:00:00,8.013,2.981,3.67,1.0,3.67,132.635,32.739
2026-04-22 08:00:00,6.812,2.534,3.12,1.0,3.12,94.363,32.739
2026-04-22 09:00:00,6.114,2.274,2.8,1.0,2.8,76.588,32.739
2026-04-22 10:00:00,5.393,2.006,2.47,1.0,2.47,62.694,32.739
2026-04-22 11:00:00,5.349,1.99,2.45,1.0,2.45,54.218,32.739
2026-04-22 12:00:00,5.262,1.957,2.41,1.0,2.41,46.421,32.739
2026-04-22 13:00:00,5.415,2.014,2.48,1.0,2.48,41.626,32.739
2026-04-22 14:00:00,5.284,1.966,2.42,1.0,2.42,42.72,32.739
2026-04-22 15:00:00,5.328,1.982,2.44,1.0,2.44,47.826,32.739
2026-04-22 16:00:00,5.546,2.063,2.54,1.0,2.54,57.167,32.739
2026-04-22 17:00:00,5.961,2.217,2.73,1.0,2.73,72.818,32.739
2026-04-22 18:00:00,6.834,2.542,3.13,1.0,3.13,90.506,32.739
2026-04-22 19:00:00,7.489,2.786,3.43,1.0,3.43,114.487,32.739
2026-04-22 20:00:00,7.969,2.965,3.65,1.0,3.65,139.351,32.739
2026-04-22 21:00:00,7.751,2.883,3.55,1.0,3.55,113.954,32.739
2026-04-22 22:00:00,6.943,2.583,3.18,1.0,3.18,100.806,32.739
2026-04-22 23:00:00,5.633,2.096,2.58,1.0,2.58,89.641,32.739
2026-04-23 00:00:00,5.153,1.917,2.36,1.0,2.36,84.617,32.739
2026-04-23 01:00:00,5.328,1.982,2.44,1.0,2.44,79.935,32.739
2026-04-23 02:00:00,5.459,2.031,2.5,1.0,2.5,78.287,32.739
2026-04-23 03:00:00,5.895,2.193,2.7,1.0,2.7,77.152,32.739
2026-04-23 04:00:00,6.703,2.494,3.07,1.0,3.07,78.678,32.739
2026-04-23 05:00:00,7.555,2.81,3.46,1.0,3.46,86.701,32.739
2026-04-23 06:00:00,7.969,2.965,3.65,1.0,3.65,111.903,32.735
2026-04-23 07:00:00,7.882,2.932,3.61,1.0,3.61,132.233,32.735
2026-04-23 08:00:00,6.9,2.567,3.16,1.0,3.16,93.96,32.735
2026-04-23 09:00:00,6.266,2.331,2.87,1.0,2.87,76.185,32.735
2026-04-23 10:00:00,5.721,2.128,2.62,1.0,2.62,62.29,32.735
2026-04-23 11:00:00,5.48,2.039,2.51,1.0,2.51,53.814,32.735
2026-04-23 12:00:00,5.349,1.99,2.45,1.0,2.45,46.017,32.735
2026-04-23 13:00:00,5.415,2.014,2.48,1.0,2.48,41.222,32.735
2026-04-23 14:00:00,5.197,1.933,2.38,1.0,2.38,42.315,32.735
2026-04-23 15:00:00,5.262,1.957,2.41,1.0,2.41,47.421,32.735
2026-04-23 16:00:00,5.48,2.039,2.51,1.0,2.51,56.761,32.735
2026-04-23 17:00:00,5.852,2.177,2.68,1.0,2.68,72.412,32.735
2026-04-23 18:00:00,6.769,2.518,3.1,1.0,3.1,90.1,32.735
2026-04-23 19:00:00,7.424,2.762,3.4,1.0,3.4,114.081,32.735
2026-04-23 20:00:00,7.838,2.916,3.59,1.0,3.59,138.945,32.735
2026-04-23 21:00:00,7.707,2.867,3.53,1.0,3.53,113.548,32.735
2026-04-23 22:00:00,6.943,2.583,3.18,1.0,3.18,100.4,32.735
2026-04-23 23:00:00,5.742,2.136,2.63,1.0,2.63,89.235,32.735
2026-04-24 00:00:00,5.415,2.014,2.48,1.0,2.48,81.13,32.735
2026-04-24 01:00:00,5.415,2.014,2.48,1.0,2.48,75.199,32.735
2026-04-24 02:00:00,5.568,2.071,2.55,1.0,2.55,72.805,32.735
2026-04-24 03:00:00,5.939,2.209,2.72,1.0,2.72,71.837,32.735
2026-04-24 04:00:00,6.659,2.477,3.05,1.0,3.05,73.12,32.735
2026-04-24 05:00:00,7.489,2.786,3.43,1.0,3.43,80.38,32.735
2026-04-24 06:00:00,7.838,2.916,3.59,1.0,3.59,100.026,32.633
2026-04-24 07:00:00,7.86,2.924,3.6,1.0,3.6,115.362,32.633
2026-04-24 08:00:00,7.031,2.615,3.22,1.0,3.22,84.932,32.633
2026-04-24 09:00:00,6.55,2.437,3.0,1.0,3.0,72.404,32.633
2026-04-24 10:00:00,6.179,2.299,2.83,1.0,2.83,59.357,32.633
2026-04-24 11:00:00,5.939,2.209,2.72,1.0,2.72,49.649,32.633
2026-04-24 12:00:00,5.764,2.144,2.64,1.0,2.64,41.725,32.633
2026-04-24 13:00:00,5.917,2.201,2.71,1.0,2.71,36.911,32.633
2026-04-24 14:00:00,5.655,2.104,2.59,1.0,2.59,36.132,32.633
2026-04-24 15:00:00,5.721,2.128,2.62,1.0,2.62,40.121,32.633
2026-04-24 16:00:00,6.004,2.234,2.75,1.0,2.75,46.947,32.633
2026-04-24 17:00:00,6.31,2.347,2.89,1.0,2.89,63.126,32.633
2026-04-24 18:00:00,6.943,2.583,3.18,1.0,3.18,78.698,32.633
2026-04-24 19:00:00,7.598,2.827,3.48,1.0,3.48,92.558,32.633
2026-04-24 20:00:00,8.122,3.021,3.72,1.0,3.72,116.551,32.633
2026-04-24 21:00:00,7.838,2.916,3.59,1.0,3.59,96.492,32.633
2026-04-24 22:00:00,6.965,2.591,3.19,1.0,3.19,87.675,32.633
2026-04-24 23:00:00,5.764,2.144,2.64,1.0,2.64,80.442,32.633
2026-04-25 00:00:00,5.568,2.071,2.55,1.0,2.55,78.888,32.633
2026-04-25 01:00:00,5.59,2.079,2.56,1.0,2.56,72.758,32.633
2026-04-25 02:00:00,5.742,2.136,2.63,1.0,2.63,70.486,32.633
2026-04-25 03:00:00,5.983,2.226,2.74,1.0,2.74,68.71,32.633
2026-04-25 04:00:00,6.594,2.453,3.02,1.0,3.02,68.941,32.633
2026-04-25 05:00:00,7.293,2.713,3.34,1.0,3.34,70.92,32.633
2026-04-25 06:00:00,7.38,2.745,3.38,1.0,3.38,74.709,32.482
2026-04-25 07:00:00,7.271,2.705,3.33,1.0,3.33,79.242,32.482
2026-04-25 08:00:00,6.725,2.502,3.08,1.0,3.08,78.405,32.482
2026-04-25 09:00:00,6.419,2.388,2.94,1.0,2.94,70.933,32.482
2026-04-25 10:00:00,6.157,2.29,2.82,1.0,2.82,57.666,32.482
2026-04-25 11:00:00,6.135,2.282,2.81,1.0,2.81,44.838,32.482
2026-04-25 12:00:00,5.939,2.209,2.72,1.0,2.72,36.938,32.482
2026-04-25 13:00:00,6.376,2.372,2.92,1.0,2.92,27.584,32.482
2026-04-25 14:00:00,6.201,2.307,2.84,1.0,2.84,27.263,32.482
2026-04-25 15:00:00,6.288,2.339,2.88,1.0,2.88,40.269,32.482
2026-04-25 16:00:00,6.572,2.445,3.01,1.0,3.01,56.91,32.482
2026-04-25 17:00:00,6.594,2.453,3.02,1.0,3.02,84.0,32.482
2026-04-25 18:00:00,7.052,2.623,3.23,1.0,3.23,106.279,32.482
2026-04-25 19:00:00,7.489,2.786,3.43,1.0,3.43,114.092,32.482
2026-04-25 20:00:00,7.969,2.965,3.65,1.0,3.65,102.042,32.482
2026-04-25 21:00:00,7.926,2.948,3.63,1.0,3.63,87.747,32.482
2026-04-25 22:00:00,7.052,2.623,3.23,1.0,3.23,81.896,32.482
2026-04-25 23:00:00,5.786,2.152,2.65,1.0,2.65,73.301,32.482
2026-04-26 00:00:00,5.633,2.096,2.58,1.0,2.58,68.128,32.482
2026-04-26 01:00:00,5.742,2.136,2.63,1.0,2.63,61.481,32.482
2026-04-26 02:00:00,5.895,2.193,2.7,1.0,2.7,59.558,32.482
2026-04-26 03:00:00,6.179,2.299,2.83,1.0,2.83,57.185,32.482
2026-04-26 04:00:00,7.009,2.607,3.21,1.0,3.21,57.208,32.482
2026-04-26 05:00:00,7.664,2.851,3.51,1.0,3.51,59.019,32.482
2026-04-26 06:00:00,7.773,2.892,3.56,1.0,3.56,60.192,32.483
2026-04-26 07:00:00,7.489,2.786,3.43,1.0,3.43,62.353,32.483
2026-04-26 08:00:00,6.965,2.591,3.19,1.0,3.19,59.372,32.483
2026-04-26 09:00:00,6.703,2.494,3.07,1.0,3.07,49.33,32.483
2026-04-26 10:00:00,6.485,2.412,2.97,1.0,2.97,35.812,32.483
2026-04-26 11:00:00,6.31,2.347,2.89,1.0,2.89,26.598,32.483
2026-04-26 12:00:00,6.245,2.323,2.86,1.0,2.86,18.987,32.483
2026-04-26 13:00:00,6.441,2.396,2.95,1.0,2.95,11.21,32.483
2026-04-26 14:00:00,6.223,2.315,2.85,1.0,2.85,11.742,32.483
2026-04-26 15:00:00,6.441,2.396,2.95,1.0,2.95,23.012,32.483
2026-04-26 16:00:00,6.812,2.534,3.12,1.0,3.12,45.629,32.483
2026-04-26 17:00:00,7.052,2.623,3.23,1.0,3.23,76.283,32.483
2026-04-26 18:00:00,7.511,2.794,3.44,1.0,3.44,100.738,32.483
2026-04-26 19:00:00,7.926,2.948,3.63,1.0,3.63,111.375,32.483
2026-04-26 20:00:00,8.428,3.135,3.86,1.0,3.86,104.213,32.483
2026-04-26 21:00:00,8.45,3.143,3.87,1.0,3.87,93.432,32.483
2026-04-26 22:00:00,7.598,2.827,3.48,1.0,3.48,86.529,32.483
2026-04-26 23:00:00,6.288,2.339,2.88,1.0,2.88,78.432,32.483
2026-04-27 00:00:00,5.939,2.209,2.72,1.0,2.72,77.903,32.483
2026-04-27 01:00:00,6.07,2.258,2.78,1.0,2.78,74.417,32.483
2026-04-27 02:00:00,6.245,2.323,2.86,1.0,2.86,72.343,32.483
2026-04-27 03:00:00,6.659,2.477,3.05,1.0,3.05,71.873,32.483
2026-04-27 04:00:00,7.402,2.753,3.39,1.0,3.39,73.26,32.483
2026-04-27 05:00:00,8.166,3.038,3.74,1.0,3.74,82.961,32.483
2026-04-27 06:00:00,8.537,3.176,3.91,1.0,3.91,110.633,32.634
2026-04-27 07:00:00,8.319,3.095,3.81,1.0,3.81,138.876,32.634
2026-04-27 08:00:00,7.096,2.64,3.25,1.0,3.25,99.909,32.634
2026-04-27 09:00:00,6.397,2.38,2.93,1.0,2.93,79.758,32.634
2026-04-27 10:00:00,5.764,2.144,2.64,1.0,2.64,67.243,32.634
2026-04-27 11:00:00,5.568,2.071,2.55,1.0,2.55,56.972,32.634
2026-04-27 12:00:00,5.437,2.022,2.49,1.0,2.49,47.541,32.634
2026-04-27 13:00:00,5.59,2.079,2.56,1.0,2.56,43.288,32.634
2026-04-27 14:00:00,5.546,2.063,2.54,1.0,2.54,42.907,32.634
2026-04-27 15:00:00,5.459,2.031,2.5,1.0,2.5,48.323,32.634
2026-04-27 16:00:00,5.655,2.104,2.59,1.0,2.59,54.152,32.634
2026-04-27 17:00:00,6.157,2.29,2.82,1.0,2.82,69.662,32.634
2026-04-27 18:00:00,6.987,2.599,3.2,1.0,3.2,90.634,32.634
2026-04-27 19:00:00,7.664,2.851,3.51,1.0,3.51,123.071,32.634
2026-04-27 20:00:00,7.948,2.957,3.64,1.0,3.64,141.836,32.634
2026-04-27 21:00:00,7.86,2.924,3.6,1.0,3.6,107.275,32.634
2026-04-27 22:00:00,7.031,2.615,3.22,1.0,3.22,92.801,32.634
2026-04-27 23:00:00,5.808,2.161,2.66,1.0,2.66,82.325,32.634
2026-04-28 00:00:00,5.393,2.006,2.47,1.0,2.47,82.561,32.634
2026-04-28 01:00:00,5.459,2.031,2.5,1.0,2.5,77.879,32.634
2026-04-28 02:00:00,5.655,2.104,2.59,1.0,2.59,76.231,32.634
2026-04-28 03:00:00,6.092,2.266,2.79,1.0,2.79,75.096,32.634
2026-04-28 04:00:00,6.856,2.55,3.14,1.0,3.14,76.622,32.634
2026-04-28 05:00:00,7.817,2.908,3.58,1.0,3.58,84.645,32.634
2026-04-28 06:00:00,8.166,3.038,3.74,1.0,3.74,109.846,32.736
2026-04-28 07:00:00,7.969,2.965,3.65,1.0,3.65,130.175,32.736
2026-04-28 08:00:00,6.834,2.542,3.13,1.0,3.13,91.9,32.736
2026-04-28 09:00:00,6.201,2.307,2.84,1.0,2.84,74.124,32.736
2026-04-28 10:00:00,5.524,2.055,2.53,1.0,2.53,60.23,32.736
2026-04-28 11:00:00,5.48,2.039,2.51,1.0,2.51,51.753,32.736
2026-04-28 12:00:00,5.349,1.99,2.45,1.0,2.45,43.956,32.736
2026-04-28 13:00:00,5.502,2.047,2.52,1.0,2.52,39.16,32.736
2026-04-28 14:00:00,5.393,2.006,2.47,1.0,2.47,40.253,32.736
2026-04-28 15:00:00,5.306,1.974,2.43,1.0,2.43,45.36,32.736
2026-04-28 16:00:00,5.568,2.071,2.55,1.0,2.55,54.7,32.736
2026-04-28 17:00:00,5.983,2.226,2.74,1.0,2.74,70.351,32.736
2026-04-28 18:00:00,6.812,2.534,3.12,1.0,3.12,88.039,32.736
2026-04-28 19:00:00,7.445,2.77,3.41,1.0,3.41,112.02,32.736
2026-04-28 20:00:00,7.773,2.892,3.56,1.0,3.56,136.886,32.736
2026-04-28 21:00:00,7.686,2.859,3.52,1.0,3.52,111.489,32.736
2026-04-28 22:00:00,6.79,2.526,3.11,1.0,3.11,98.341,32.736
2026-04-28 23:00:00,5.568,2.071,2.55,1.0,2.55,87.176,32.736
2026-04-29 00:00:00,5.197,1.933,2.38,1.0,2.38,82.152,32.736
2026-04-29 01:00:00,5.284,1.966,2.42,1.0,2.42,77.47,32.736
2026-04-29 02:00:00,5.415,2.014,2.48,1.0,2.48,75.821,32.736
2026-04-29 03:00:00,5.786,2.152,2.65,1.0,2.65,74.686,32.736
2026-04-29 04:00:00,6.528,2.429,2.99,1.0,2.99,76.213,32.736
2026-04-29 05:00:00,7.445,2.77,3.41,1.0,3.41,84.236,32.736
2026-04-29 06:00:00,7.729,2.875,3.54,1.0,3.54,109.438,32.74
2026-04-29 07:00:00,7.664,2.851,3.51,1.0,3.51,129.767,32.74
2026-04-29 08:00:00,6.703,2.494,3.07,1.0,3.07,91.491,32.74
2026-04-29 09:00:00,6.092,2.266,2.79,1.0,2.79,73.716,32.74
2026-04-29 10:00:00,5.655,2.104,2.59,1.0,2.59,59.821,32.74
2026-04-29 11:00:00,5.546,2.063,2.54,1.0,2.54,51.345,32.74
2026-04-29 12:00:00,5.284,1.966,2.42,1.0,2.42,43.548,32.74
2026-04-29 13:00:00,5.437,2.022,2.49,1.0,2.49,38.752,32.74
2026-04-29 14:00:00,5.328,1.982,2.44,1.0,2.44,39.846,32.74
2026-04-29 15:00:00,5.349,1.99,2.45,1.0,2.45,44.952,32.74
2026-04-29 16:00:00,5.568,2.071,2.55,1.0,2.55,54.293,32.74
2026-04-29 17:00:00,5.895,2.193,2.7,1.0,2.7,69.943,32.74
2026-04-29 18:00:00,6.703,2.494,3.07,1.0,3.07,87.632,32.74
2026-04-29 19:00:00,7.271,2.705,3.33,1.0,3.33,111.613,32.74
2026-04-29 20:00:00,7.686,2.859,3.52,1.0,3.52,136.48,32.74
2026-04-29 21:00:00,7.642,2.843,3.5,1.0,3.5,111.083,32.74
2026-04-29 22:00:00,6.769,2.518,3.1,1.0,3.1,97.936,32.74
2026-04-29 23:00:00,5.655,2.104,2.59,1.0,2.59,86.771,32.74
2026-04-30 00:00:00,5.262,1.957,2.41,1.0,2.41,81.747,32.74
2026-04-30 01:00:00,5.328,1.982,2.44,1.0,2.44,77.065,32.74
2026-04-30 02:00:00,5.48,2.039,2.51,1.0,2.51,75.417,32.74
2026-04-30 03:00:00,5.895,2.193,2.7,1.0,2.7,74.282,32.74
2026-04-30 04:00:00,6.55,2.437,3.0,1.0,3.0,75.808,32.74
2026-04-30 05:00:00,7.336,2.729,3.36,1.0,3.36,83.832,32.74
2026-04-30 06:00:00,7.664,2.851,3.51,1.0,3.51,109.034,32.744
2026-04-30 07:00:00,7.445,2.77,3.41,1.0,3.41,129.363,32.744
2026-04-30 08:00:00,6.332,2.355,2.9,1.0,2.9,91.087,32.744
2026-04-30 09:00:00,5.742,2.136,2.63,1.0,2.63,73.312,32.744
2026-04-30 10:00:00,5.306,1.974,2.43,1.0,2.43,59.418,32.744
2026-04-30 11:00:00,5.131,1.909,2.35,1.0,2.35,50.942,32.744
2026-04-30 12:00:00,4.891,1.819,2.24,1.0,2.24,43.145,32.744
2026-04-30 13:00:00,5.153,1.917,2.36,1.0,2.36,38.35,32.744
2026-04-30 14:00:00,5.022,1.868,2.3,1.0,2.3,39.443,32.744
2026-04-30 15:00:00,5.066,1.884,2.32,1.0,2.32,44.55,32.744
2026-04-30 16:00:00,5.502,2.047,2.52,1.0,2.52,53.891,32.744
2026-04-30 17:00:00,5.742,2.136,2.63,1.0,2.63,69.542,32.744
2026-04-30 18:00:00,6.332,2.355,2.9,1.0,2.9,87.231,32.744
2026-04-30 19:00:00,6.921,2.575,3.17,1.0,3.17,111.212,32.744
2026-04-30 20:00:00,7.467,2.778,3.42,1.0,3.42,136.08,32.744
2026-04-30 21:00:00,7.642,2.843,3.5,1.0,3.5,110.684,32.744
2026-04-30 22:00:00,6.572,2.445,3.01,1.0,3.01,97.536,32.744
2026-04-30 23:00:00,5.524,2.055,2.53,1.0,2.53,86.371,32.744
