datetime,chp_gas_in,chp_el_out,chp_heat_out,chp_status,boiler_gas_in,boiler_heat_out,heat_demand
2026-04-01 00:00:00,2.556000000000001,0.9508320000000003,1.1706480000000006,1.0,2.6786507177033494,2.239352,3.41
2026-04-01 01:00:00,2.556000000000001,0.9508320000000003,1.1706480000000006,1.0,2.798267942583731,2.339351999999999,3.51
2026-04-01 02:00:00,2.556,0.950832,1.1706480000000001,1.0,2.9298468899521533,2.449352,3.62
2026-04-01 03:00:00,2.556,0.950832,1.1706480000000001,1.0,3.1690813397129185,2.649352,3.82
2026-04-01 04:00:00,2.555999999999999,0.9508319999999997,1.1706479999999997,1.0,3.6953971291866026,3.0893519999999994,4.26
2026-04-01 05:00:00,2.556,0.950832,1.1706480000000001,1.0,4.245636363636363,3.5493519999999994,4.72
2026-04-01 06:00:00,2.555999999999999,0.9508319999999997,1.1706479999999997,1.0,4.4131004784689,3.6893520000000004,4.86
2026-04-01 07:00:00,2.556000000000001,0.9508320000000003,1.1706480000000006,1.0,4.568602870813398,3.8193520000000003,4.99
2026-04-01 08:00:00,2.556,0.950832,1.1706480000000001,1.0,4.377215311004785,3.659352,4.83
2026-04-01 09:00:00,2.556000000000001,0.9508320000000003,1.1706480000000006,1.0,4.042287081339713,3.3793519999999995,4.55
2026-04-01 10:00:00,2.556000000000001,0.9508320000000003,1.1706480000000006,1.0,3.826976076555024,3.1993519999999998,4.37
2026-04-01 11:00:00,2.556000000000001,0.9508320000000003,1.1706480000000006,1.0,3.755205741626794,3.1393519999999997,4.31
2026-04-01 12:00:00,2.556,0.950832,1.1706480000000001,1.0,3.7073588516746403,3.099351999999999,4.27
2026-04-01 13:00:00,2.556000000000001,0.9508320000000003,1.1706480000000006,1.0,3.791090909090909,3.1693519999999995,4.34
2026-04-01 14:00:00,2.556,0.950832,1.1706480000000001,1.0,3.7671674641148334,3.1493520000000004,4.32
2026-04-01 15:00:00,2.556000000000001,0.9508320000000003,1.1706480000000006,1.0,3.8628612440191388,3.229352,4.4
2026-04-01 16:00:00,2.556000000000001,0.9508320000000003,1.1706480000000006,1.0,3.970516746411483,3.3193519999999994,4.49
2026-04-01 17:00:00,2.556,0.950832,1.1706480000000001,1.0,4.137980861244019,3.4593519999999995,4.63
2026-04-01 18:00:00,2.556000000000001,0.9508320000000003,1.1706480000000006,1.0,4.3652535885167465,3.649352,4.82
2026-04-01 19:00:00,2.556000000000001,0.9508320000000003,1.1706480000000006,1.0,4.532717703349282,3.7893519999999996,4.96
2026-04-01 20:00:00,2.556000000000001,0.9508320000000003,1.1706480000000006,1.0,4.61644976076555,3.859352,5.03
2026-04-01 21:00:00,2.556000000000001,0.9508320000000003,1.1706480000000006,1.0,4.5087942583732055,3.7693519999999996,4.94
2026-04-01 22:00:00,2.556000000000001,0.9508320000000003,1.1706480000000006,1.0,3.970516746411483,3.3193519999999994,4.49
2026-04-01 23:00:00,2.556,0.950832,1.1706480000000001,1.0,2.941808612440191,2.4593519999999995,3.63
2026-04-02 00:00:00,2.556,0.950832,1.1706480000000001,1.0,2.7743444976076557,2.319352,3.49
2026-04-02 01:00:00,2.556000000000001,0.9508320000000003,1.1706480000000006,1.0,2.8461148325358847,2.3793519999999995,3.55
2026-04-02 02:00:00,2.556,0.950832,1.1706480000000001,1.0,2.965732057416268,2.479352,3.65
2026-04-02 03:00:00,2.556000000000001,0.9508320000000003,1.1706480000000006,1.0,3.216928229665071,2.6893519999999995,3.86
2026-04-02 04:00:00,2.556000000000001,0.9508320000000003,1.1706480000000006,1.0,3.71932057416268,3.1093520000000003,4.28
2026-04-02 05:00:00,2.556000000000001,0.9508320000000003,1.1706480000000006,1.0,4.2575980861244025,3.5593520000000005,4.73
2026-04-02 06:00:00,2.555999999999999,0.9508319999999997,1.1706479999999997,1.0,4.4131004784689,3.6893520000000004,4.86
2026-04-02 07:00:00,2.556000000000001,0.9508320000000003,1.1706480000000006,1.0,4.4729090909090905,3.7393519999999993,4.91
2026-04-02 08:00:00,2.556,0.950832,1.1706480000000001,1.0,4.245636363636363,3.5493519999999994,4.72
2026-04-02 09:00:00,2.556,0.950832,1.1706480000000001,1.0,3.9107081339712924,3.2693520000000005,4.44
2026-04-02 10:00:00,2.556,0.950832,1.1706480000000001,1.0,3.5518564593301436,2.9693519999999998,4.14
2026-04-02 11:00:00,2.556,0.950832,1.1706480000000001,1.0,3.3485071770334933,2.7993520000000003,3.97
2026-04-02 12:00:00,2.556,0.950832,1.1706480000000001,1.0,3.3126220095693784,2.769352,3.94
2026-04-02 13:00:00,2.556000000000001,0.9508320000000003,1.1706480000000006,1.0,3.360468899521531,2.8093519999999996,3.98
2026-04-02 14:00:00,2.556000000000001,0.9508320000000003,1.1706480000000006,1.0,3.252813397129186,2.7193519999999993,3.89
2026-04-02 15:00:00,2.556,0.950832,1.1706480000000001,1.0,3.3724306220095697,2.8193520000000003,3.99
2026-04-02 16:00:00,2.556000000000001,0.9508320000000003,1.1706480000000006,1.0,3.50400956937799,2.9293519999999997,4.1
2026-04-02 17:00:00,2.555999999999999,0.9508319999999997,1.1706479999999997,1.0,3.6953971291866026,3.0893519999999994,4.26
2026-04-02 18:00:00,2.556,0.950832,1.1706480000000001,1.0,3.9824784688995223,3.3293520000000005,4.5
2026-04-02 19:00:00,2.556,0.950832,1.1706480000000001,1.0,4.173866028708134,3.489352,4.66
2026-04-02 20:00:00,2.556,0.950832,1.1706480000000001,1.0,4.233674641148325,3.5393519999999996,4.71
2026-04-02 21:00:00,2.556,0.950832,1.1706480000000001,1.0,4.161904306220096,3.4793520000000004,4.65
2026-04-02 22:00:00,2.556,0.950832,1.1706480000000001,1.0,3.7312822966507184,3.1193520000000006,4.29
2026-04-02 23:00:00,2.556,0.950832,1.1706480000000001,1.0,2.7743444976076557,2.319352,3.49
2026-04-03 00:00:00,2.556000000000001,0.9508320000000003,1.1706480000000006,1.0,2.618842105263157,2.1893519999999995,3.36
2026-04-03 01:00:00,2.556,0.950832,1.1706480000000001,1.0,2.7743444976076557,2.319352,3.49
2026-04-03 02:00:00,2.556000000000001,0.9508320000000003,1.1706480000000006,1.0,2.8819999999999997,2.4093519999999997,3.58
2026-04-03 03:00:00,2.555999999999999,0.9508319999999997,1.1706479999999997,1.0,3.121234449760766,2.609352,3.78
2026-04-03 04:00:00,2.556,0.950832,1.1706480000000001,1.0,3.5877416267942586,2.999352,4.17
2026-04-03 05:00:00,2.556,0.950832,1.1706480000000001,1.0,4.06621052631579,3.3993520000000004,4.57
2026-04-03 06:00:00,2.556000000000001,0.9508320000000003,1.1706480000000006,1.0,4.149942583732057,3.4693519999999993,4.64
2026-04-03 07:00:00,2.556000000000001,0.9508320000000003,1.1706480000000006,1.0,4.149942583732057,3.4693519999999993,4.64
2026-04-03 08:00:00,2.556000000000001,0.9508320000000003,1.1706480000000006,1.0,3.970516746411483,3.3193519999999994,4.49
2026-04-03 09:00:00,2.556,0.950832,1.1706480000000001,1.0,3.886784688995215,3.2493519999999996,4.42
2026-04-03 10:00:00,2.556000000000001,0.9508320000000003,1.1706480000000006,1.0,3.611665071770335,3.019352,4.19
2026-04-03 11:00:00,2.556,0.950832,1.1706480000000001,1.0,3.6355885167464113,3.0393519999999996,4.21
2026-04-03 12:00:00,2.556,0.950832,1.1706480000000001,1.0,3.5279330143540673,2.949352,4.12
2026-04-03 13:00:00,0.0,0.0,0.0,0.0,4.880382775119618,4.080000000000001,4.08
2026-04-03 14:00:00,0.0,0.0,0.0,0.0,4.856459330143541,4.0600000000000005,4.06
2026-04-03 15:00:00,2.556,0.950832,1.1706480000000001,1.0,3.3724306220095697,2.8193520000000003,3.99
2026-04-03 16:00:00,2.556,0.950832,1.1706480000000001,1.0,3.5279330143540673,2.949352,4.12
2026-04-03 17:00:00,2.556000000000001,0.9508320000000003,1.1706480000000006,1.0,3.755205741626794,3.1393519999999997,4.31
2026-04-03 18:00:00,2.556000000000001,0.9508320000000003,1.1706480000000006,1.0,3.934631578947368,3.289351999999999,4.46
2026-04-03 19:00:00,2.556,0.950832,1.1706480000000001,1.0,4.245636363636363,3.5493519999999994,4.72
2026-04-03 20:00:00,2.556000000000001,0.9508320000000003,1.1706480000000006,1.0,4.5087942583732055,3.7693519999999996,4.94
2026-04-03 21:00:00,2.556,0.950832,1.1706480000000001,1.0,4.353291866028708,3.6393519999999997,4.81
2026-04-03 22:00:00,2.556,0.950832,1.1706480000000001,1.0,3.7671674641148334,3.1493520000000004,4.32
2026-04-03 23:00:00,2.556000000000001,0.9508320000000003,1.1706480000000006,1.0,2.8461148325358847,2.3793519999999995,3.55
2026-04-04 00:00:00,2.556000000000001,0.9508320000000003,1.1706480000000006,1.0,2.7863062200956934,2.3293519999999996,3.5
2026-04-04 01:00:00,2.556000000000001,0.9508320000000003,1.1706480000000006,1.0,2.8819999999999997,2.4093519999999997,3.58
2026-04-04 02:00:00,2.556,0.950832,1.1706480000000001,1.0,3.0494641148325368,2.5493520000000007,3.72
2026-04-04 03:00:00,2.556,0.950832,1.1706480000000001,1.0,3.1690813397129185,2.649352,3.82
2026-04-04 04:00:00,2.556,0.950832,1.1706480000000001,1.0,3.6714736842105262,3.069352,4.24
2026-04-04 05:00:00,2.556,0.950832,1.1706480000000001,1.0,4.137980861244019,3.4593519999999995,4.63
2026-04-04 06:00:00,2.556000000000001,0.9508320000000003,1.1706480000000006,1.0,4.114057416267943,3.439352,4.61
2026-04-04 07:00:00,2.556,0.950832,1.1706480000000001,1.0,4.102095693779904,3.4293519999999997,4.6
2026-04-04 08:00:00,2.556000000000001,0.9508320000000003,1.1706480000000006,1.0,3.970516746411483,3.3193519999999994,4.49
2026-04-04 09:00:00,2.556,0.950832,1.1706480000000001,1.0,3.8508995215311,3.2193519999999998,4.39
2026-04-04 10:00:00,2.556,0.950832,1.1706480000000001,1.0,3.743244019138756,3.129352,4.3
2026-04-04 11:00:00,2.556,0.950832,1.1706480000000001,1.0,3.6355885167464113,3.0393519999999996,4.21
2026-04-04 12:00:00,2.556,0.950832,1.1706480000000001,1.0,3.563818181818182,2.979352,4.15
2026-04-04 13:00:00,2.556,0.950832,1.1706480000000001,1.0,3.5997033492822963,3.0093519999999994,4.18
2026-04-04 14:00:00,2.556000000000001,0.9508320000000003,1.1706480000000006,1.0,3.468124401913876,2.8993520000000004,4.07
2026-04-04 15:00:00,2.556,0.950832,1.1706480000000001,1.0,3.4202775119617224,2.859352,4.03
2026-04-04 16:00:00,2.556,0.950832,1.1706480000000001,1.0,3.6355885167464113,3.0393519999999996,4.21
2026-04-04 17:00:00,2.556000000000001,0.9508320000000003,1.1706480000000006,1.0,3.755205741626794,3.1393519999999997,4.31
2026-04-04 18:00:00,2.556000000000001,0.9508320000000003,1.1706480000000006,1.0,3.934631578947368,3.289351999999999,4.46
2026-04-04 19:00:00,2.556,0.950832,1.1706480000000001,1.0,4.030325358851675,3.369352,4.54
2026-04-04 20:00:00,2.556,0.950832,1.1706480000000001,1.0,4.102095693779904,3.4293519999999997,4.6
2026-04-04 21:00:00,2.556000000000001,0.9508320000000003,1.1706480000000006,1.0,4.149942583732057,3.4693519999999993,4.64
2026-04-04 22:00:00,2.556000000000001,0.9508320000000003,1.1706480000000006,1.0,3.71932057416268,3.1093520000000003,4.28
2026-04-04 23:00:00,2.556000000000001,0.9508320000000003,1.1706480000000006,1.0,2.726497607655502,2.279352,3.45
2026-04-05 00:00:00,2.556,0.950832,1.1706480000000001,1.0,2.547071770334928,2.129352,3.3
2026-04-05 01:00:00,2.556,0.950832,1.1706480000000001,1.0,2.7145358851674644,2.269352,3.44
2026-04-05 02:00:00,2.556000000000001,0.9508320000000003,1.1706480000000006,1.0,2.798267942583731,2.339351999999999,3.51
2026-04-05 03:00:00,2.556,0.950832,1.1706480000000001,1.0,2.9178851674641146,2.4393519999999995,3.61
2026-04-05 04:00:00,2.556,0.950832,1.1706480000000001,1.0,3.3843923444976074,2.8293519999999996,4.0
2026-04-05 05:00:00,2.556,0.950832,1.1706480000000001,1.0,3.815014354066986,3.1893520000000004,4.36
2026-04-05 06:00:00,2.556000000000001,0.9508320000000003,1.1706480000000006,1.0,3.683435406698564,3.079351999999999,4.25
2026-04-05 07:00:00,2.556,0.950832,1.1706480000000001,1.0,3.5997033492822963,3.0093519999999994,4.18
2026-04-05 08:00:00,2.556,0.950832,1.1706480000000001,1.0,3.6355885167464113,3.0393519999999996,4.21
2026-04-05 09:00:00,2.556000000000001,0.9508320000000003,1.1706480000000006,1.0,3.791090909090909,3.1693519999999995,4.34
2026-04-05 10:00:00,2.556000000000001,0.9508320000000003,1.1706480000000006,1.0,3.647550239234449,3.0493519999999994,4.22
2026-04-05 11:00:00,2.556,0.950832,1.1706480000000001,1.0,3.6714736842105262,3.069352,4.24
2026-04-05 12:00:00,2.556,0.950832,1.1706480000000001,1.0,3.563818181818182,2.979352,4.15
2026-04-05 13:00:00,0.0,0.0,0.0,0.0,4.86842105263158,4.07,4.07
2026-04-05 14:00:00,2.556,0.950832,1.1706480000000001,1.0,3.4561626794258373,2.8893519999999997,4.06
2026-04-05 15:00:00,2.556000000000001,0.9508320000000003,1.1706480000000006,1.0,3.396354066985645,2.839351999999999,4.01
2026-04-05 16:00:00,2.556,0.950832,1.1706480000000001,1.0,3.6355885167464113,3.0393519999999996,4.21
2026-04-05 17:00:00,2.556,0.950832,1.1706480000000001,1.0,3.743244019138756,3.129352,4.3
2026-04-05 18:00:00,2.556,0.950832,1.1706480000000001,1.0,3.8508995215311,3.2193519999999998,4.39
2026-04-05 19:00:00,2.556,0.950832,1.1706480000000001,1.0,4.054248803827751,3.389352,4.56
2026-04-05 20:00:00,2.556,0.950832,1.1706480000000001,1.0,4.209751196172249,3.519352,4.69
2026-04-05 21:00:00,2.556000000000001,0.9508320000000003,1.1706480000000006,1.0,4.114057416267943,3.439352,4.61
2026-04-05 22:00:00,2.556,0.950832,1.1706480000000001,1.0,3.5518564593301436,2.9693519999999998,4.14
2026-04-05 23:00:00,2.556000000000001,0.9508320000000003,1.1706480000000006,1.0,2.5709952153110045,2.1493519999999995,3.32
2026-04-06 00:00:00,2.556,0.950832,1.1706480000000001,1.0,2.403531100478469,2.0093520000000002,3.18
2026-04-06 01:00:00,2.556,0.950832,1.1706480000000001,1.0,2.547071770334928,2.129352,3.3
2026-04-06 02:00:00,2.556,0.950832,1.1706480000000001,1.0,2.6666889952153108,2.2293519999999996,3.4
2026-04-06 03:00:00,2.556000000000001,0.9508320000000003,1.1706480000000006,1.0,2.8819999999999997,2.4093519999999997,3.58
2026-04-06 04:00:00,2.556,0.950832,1.1706480000000001,1.0,3.3006602870813406,2.7593520000000007,3.93
2026-04-06 05:00:00,2.556,0.950832,1.1706480000000001,1.0,3.7671674641148334,3.1493520000000004,4.32
2026-04-06 06:00:00,2.556,0.950832,1.1706480000000001,1.0,3.8389377990430624,3.209352,4.38
2026-04-06 07:00:00,2.556,0.950832,1.1706480000000001,1.0,3.815014354066986,3.1893520000000004,4.36
2026-04-06 08:00:00,2.556,0.950832,1.1706480000000001,1.0,3.5518564593301436,2.9693519999999998,4.14
2026-04-06 09:00:00,2.556000000000001,0.9508320000000003,1.1706480000000006,1.0,3.50400956937799,2.9293519999999997,4.1
2026-04-06 10:00:00,2.556000000000001,0.9508320000000003,1.1706480000000006,1.0,3.1451578947368413,2.629351999999999,3.8
2026-04-06 11:00:00,2.556000000000001,0.9508320000000003,1.1706480000000006,1.0,3.109272727272727,2.5993519999999997,3.77
2026-04-06 12:00:00,2.556,0.950832,1.1706480000000001,1.0,2.9896555023923446,2.499352,3.67
2026-04-06 13:00:00,-8.881784197001252e-16,-3.304023721284466e-16,-4.0678571622265737e-16,0.0,4.3779904306220105,3.6600000000000006,3.66
2026-04-06 14:00:00,8.881784197001252e-16,3.304023721284466e-16,4.0678571622265737e-16,0.0,4.270334928229665,3.5699999999999994,3.57
2026-04-06 15:00:00,2.556,0.950832,1.1706480000000001,1.0,2.7743444976076557,2.319352,3.49
2026-04-06 16:00:00,2.556000000000001,0.9508320000000003,1.1706480000000006,1.0,2.7863062200956934,2.3293519999999996,3.5
2026-04-06 17:00:00,2.556,0.950832,1.1706480000000001,1.0,3.0973110047846886,2.5893519999999994,3.76
2026-04-06 18:00:00,2.556,0.950832,1.1706480000000001,1.0,3.3724306220095697,2.8193520000000003,3.99
2026-04-06 19:00:00,2.556,0.950832,1.1706480000000001,1.0,3.6595119617224885,3.059352,4.23
2026-04-06 20:00:00,2.556,0.950832,1.1706480000000001,1.0,3.886784688995215,3.2493519999999996,4.42
2026-04-06 21:00:00,2.556000000000001,0.9508320000000003,1.1706480000000006,1.0,3.826976076555024,3.1993519999999998,4.37
2026-04-06 22:00:00,2.556000000000001,0.9508320000000003,1.1706480000000006,1.0,3.288698564593301,2.7493519999999996,3.92
2026-04-06 23:00:00,2.556,0.950832,1.1706480000000001,1.0,2.307837320574163,1.9293520000000002,3.1
2026-04-07 00:00:00,2.555999999999999,0.9508319999999997,1.1706479999999997,1.0,2.1164497607655504,1.769352,2.94
2026-04-07 01:00:00,2.556,0.950832,1.1706480000000001,1.0,2.2121435406698566,1.849352,3.02
2026-04-07 02:00:00,2.556000000000001,0.9508320000000003,1.1706480000000006,1.0,2.3197990430622006,1.9393519999999997,3.11
2026-04-07 03:00:00,2.556,0.950832,1.1706480000000001,1.0,2.582956937799043,2.159352,3.33
2026-04-07 04:00:00,2.555999999999999,0.9508319999999997,1.1706479999999997,1.0,3.121234449760766,2.609352,3.78
2026-04-07 05:00:00,2.556000000000001,0.9508320000000003,1.1706480000000006,1.0,3.71932057416268,3.1093520000000003,4.28
2026-04-07 06:00:00,2.556000000000001,0.9508320000000003,1.1706480000000006,1.0,3.8628612440191388,3.229352,4.4
2026-04-07 07:00:00,2.556,0.950832,1.1706480000000001,1.0,3.9465933014354064,3.299352,4.47
2026-04-07 08:00:00,2.556,0.950832,1.1706480000000001,1.0,3.5997033492822963,3.0093519999999994,4.18
2026-04-07 09:00:00,2.556,0.950832,1.1706480000000001,1.0,3.2767368421052634,2.7393520000000002,3.91
2026-04-07 10:00:00,2.556,0.950832,1.1706480000000001,1.0,2.9298468899521533,2.449352,3.62
2026-04-07 11:00:00,2.556000000000001,0.9508320000000003,1.1706480000000006,1.0,2.798267942583731,2.339351999999999,3.51
2026-04-07 12:00:00,2.556000000000001,0.9508320000000003,1.1706480000000006,1.0,2.690612440191387,2.2493519999999996,3.42
2026-04-07 13:00:00,2.556000000000001,0.9508320000000003,1.1706480000000006,1.0,2.690612440191387,2.2493519999999996,3.42
2026-04-07 14:00:00,2.556000000000001,0.9508320000000003,1.1706480000000006,1.0,2.6068803827751195,2.1793519999999997,3.35
2026-04-07 15:00:00,2.556000000000001,0.9508320000000003,1.1706480000000006,1.0,2.618842105263157,2.1893519999999995,3.36
2026-04-07 16:00:00,2.556,0.950832,1.1706480000000001,1.0,2.7384593301435407,2.289352,3.46
2026-04-07 17:00:00,2.556,0.950832,1.1706480000000001,1.0,3.0494641148325368,2.5493520000000007,3.72
2026-04-07 18:00:00,2.556000000000001,0.9508320000000003,1.1706480000000006,1.0,3.432239234449761,2.869352,4.04
2026-04-07 19:00:00,2.556,0.950832,1.1706480000000001,1.0,3.6355885167464113,3.0393519999999996,4.21
2026-04-07 20:00:00,2.556000000000001,0.9508320000000003,1.1706480000000006,1.0,3.755205741626794,3.1393519999999997,4.31
2026-04-07 21:00:00,2.555999999999999,0.9508319999999997,1.1706479999999997,1.0,3.6953971291866026,3.0893519999999994,4.26
2026-04-07 22:00:00,2.556000000000001,0.9508320000000003,1.1706480000000006,1.0,3.252813397129186,2.7193519999999993,3.89
2026-04-07 23:00:00,2.556,0.950832,1.1706480000000001,1.0,2.307837320574163,1.9293520000000002,3.1
2026-04-08 00:00:00,2.556,0.950832,1.1706480000000001,1.0,2.128411483253589,1.7793520000000003,2.95
2026-04-08 01:00:00,2.556,0.950832,1.1706480000000001,1.0,2.128411483253589,1.7793520000000003,2.95
2026-04-08 02:00:00,2.556,0.950832,1.1706480000000001,1.0,2.2839138755980866,1.9093520000000004,3.08
2026-04-08 03:00:00,2.556,0.950832,1.1706480000000001,1.0,2.511186602870813,2.0993519999999997,3.27
2026-04-08 04:00:00,2.556,0.950832,1.1706480000000001,1.0,2.9896555023923446,2.499352,3.67
2026-04-08 05:00:00,2.556,0.950832,1.1706480000000001,1.0,3.5518564593301436,2.9693519999999998,4.14
2026-04-08 06:00:00,2.555999999999999,0.9508319999999997,1.1706479999999997,1.0,3.6953971291866026,3.0893519999999994,4.26
2026-04-08 07:00:00,2.556,0.950832,1.1706480000000001,1.0,3.7671674641148334,3.1493520000000004,4.32
2026-04-08 08:00:00,2.556,0.950832,1.1706480000000001,1.0,3.4800861244019146,2.9093520000000006,4.08
2026-04-08 09:00:00,2.555999999999999,0.9508319999999997,1.1706479999999997,1.0,3.121234449760766,2.609352,3.78
2026-04-08 10:00:00,2.556000000000001,0.9508320000000003,1.1706480000000006,1.0,2.798267942583731,2.339351999999999,3.51
2026-04-08 11:00:00,2.556,0.950832,1.1706480000000001,1.0,2.6666889952153108,2.2293519999999996,3.4
2026-04-08 12:00:00,2.556,0.950832,1.1706480000000001,1.0,2.5351100478468904,2.119352,3.29
2026-04-08 13:00:00,2.556000000000001,0.9508320000000003,1.1706480000000006,1.0,2.654727272727272,2.2193519999999993,3.39
2026-04-08 14:00:00,2.556,0.950832,1.1706480000000001,1.0,2.582956937799043,2.159352,3.33
2026-04-08 15:00:00,2.556000000000001,0.9508320000000003,1.1706480000000006,1.0,2.7025741626794257,2.259352,3.43
2026-04-08 16:00:00,2.556000000000001,0.9508320000000003,1.1706480000000006,1.0,2.7863062200956934,2.3293519999999996,3.5
2026-04-08 17:00:00,2.556000000000001,0.9508320000000003,1.1706480000000006,1.0,3.0375023923444973,2.5393519999999996,3.71
2026-04-08 18:00:00,2.556,0.950832,1.1706480000000001,1.0,3.3365454545454547,2.789352,3.96
2026-04-08 19:00:00,2.556,0.950832,1.1706480000000001,1.0,3.563818181818182,2.979352,4.15
2026-04-08 20:00:00,2.556,0.950832,1.1706480000000001,1.0,3.6595119617224885,3.059352,4.23
2026-04-08 21:00:00,2.556000000000001,0.9508320000000003,1.1706480000000006,1.0,3.539894736842105,2.9593519999999995,4.13
2026-04-08 22:00:00,2.556000000000001,0.9508320000000003,1.1706480000000006,1.0,3.1451578947368413,2.629351999999999,3.8
2026-04-08 23:00:00,2.556,0.950832,1.1706480000000001,1.0,2.271952153110048,1.899352,3.07
2026-04-09 00:00:00,2.556000000000001,0.9508320000000003,1.1706480000000006,1.0,2.092526315789473,1.7493519999999994,2.92
2026-04-09 01:00:00,2.556,0.950832,1.1706480000000001,1.0,2.2121435406698566,1.849352,3.02
2026-04-09 02:00:00,2.555999999999999,0.9508319999999997,1.1706479999999997,1.0,2.367645933014354,1.979352,3.15
2026-04-09 03:00:00,2.556000000000001,0.9508320000000003,1.1706480000000006,1.0,2.618842105263157,2.1893519999999995,3.36
2026-04-09 04:00:00,2.555999999999999,0.9508319999999997,1.1706479999999997,1.0,3.121234449760766,2.609352,3.78
2026-04-09 05:00:00,2.556000000000001,0.9508320000000003,1.1706480000000006,1.0,3.647550239234449,3.0493519999999994,4.22
2026-04-09 06:00:00,2.556,0.950832,1.1706480000000001,1.0,3.886784688995215,3.2493519999999996,4.42
2026-04-09 07:00:00,2.556,0.950832,1.1706480000000001,1.0,3.9107081339712924,3.2693520000000005,4.44
2026-04-09 08:00:00,2.556000000000001,0.9508320000000003,1.1706480000000006,1.0,3.432239234449761,2.869352,4.04
2026-04-09 09:00:00,2.556000000000001,0.9508320000000003,1.1706480000000006,1.0,3.0375023923444973,2.5393519999999996,3.71
2026-04-09 10:00:00,2.556000000000001,0.9508320000000003,1.1706480000000006,1.0,2.726497607655502,2.279352,3.45
2026-04-09 11:00:00,2.556,0.950832,1.1706480000000001,1.0,2.403531100478469,2.0093520000000002,3.18
2026-04-09 12:00:00,2.556,0.950832,1.1706480000000001,1.0,2.2958755980861243,1.9193519999999997,3.09
2026-04-09 13:00:00,2.555999999999999,0.9508319999999997,1.1706479999999997,1.0,2.439416267942584,2.039352,3.21
2026-04-09 14:00:00,2.556,0.950832,1.1706480000000001,1.0,2.3915693779904306,1.9993519999999998,3.17
2026-04-09 15:00:00,2.555999999999999,0.9508319999999997,1.1706479999999997,1.0,2.439416267942584,2.039352,3.21
2026-04-09 16:00:00,2.556000000000001,0.9508320000000003,1.1706480000000006,1.0,2.6068803827751195,2.1793519999999997,3.35
2026-04-09 17:00:00,2.556,0.950832,1.1706480000000001,1.0,2.8939617224880383,2.419352,3.59
2026-04-09 18:00:00,2.556,0.950832,1.1706480000000001,1.0,3.2767368421052634,2.7393520000000002,3.91
2026-04-09 19:00:00,2.556,0.950832,1.1706480000000001,1.0,3.5518564593301436,2.9693519999999998,4.14
2026-04-09 20:00:00,2.555999999999999,0.9508319999999997,1.1706479999999997,1.0,3.6953971291866026,3.0893519999999994,4.26
2026-04-09 21:00:00,2.556,0.950832,1.1706480000000001,1.0,3.5877416267942586,2.999352,4.17
2026-04-09 22:00:00,2.556,0.950832,1.1706480000000001,1.0,3.1331961722488035,2.6193519999999997,3.79
2026-04-09 23:00:00,2.556,0.950832,1.1706480000000001,1.0,2.2121435406698566,1.849352,3.02
2026-04-10 00:00:00,2.5560000000000005,0.9508320000000001,1.1706480000000004,1.0,2.0686028708133968,1.7293519999999996,2.9
2026-04-10 01:00:00,2.5560000000000005,0.9508320000000001,1.1706480000000004,1.0,2.1762583732057417,1.8193519999999999,2.99
2026-04-10 02:00:00,2.556,0.950832,1.1706480000000001,1.0,2.271952153110048,1.899352,3.07
2026-04-10 03:00:00,2.556,0.950832,1.1706480000000001,1.0,2.5590334928229668,2.139352,3.31
2026-04-10 04:00:00,2.556000000000001,0.9508320000000003,1.1706480000000006,1.0,3.08534928229665,2.579351999999999,3.75
2026-04-10 05:00:00,2.556000000000001,0.9508320000000003,1.1706480000000006,1.0,3.647550239234449,3.0493519999999994,4.22
2026-04-10 06:00:00,2.556,0.950832,1.1706480000000001,1.0,3.815014354066986,3.1893520000000004,4.36
2026-04-10 07:00:00,2.556,0.950832,1.1706480000000001,1.0,3.886784688995215,3.2493519999999996,4.42
2026-04-10 08:00:00,2.556,0.950832,1.1706480000000001,1.0,3.5159712918660295,2.9393520000000004,4.11
2026-04-10 09:00:00,2.555999999999999,0.9508319999999997,1.1706479999999997,1.0,3.121234449760766,2.609352,3.78
2026-04-10 10:00:00,2.556000000000001,0.9508320000000003,1.1706480000000006,1.0,2.798267942583731,2.339351999999999,3.51
2026-04-10 11:00:00,2.556000000000001,0.9508320000000003,1.1706480000000006,1.0,2.630803827751196,2.1993519999999998,3.37
2026-04-10 12:00:00,2.556000000000001,0.9508320000000003,1.1706480000000006,1.0,2.630803827751196,2.1993519999999998,3.37
2026-04-10 13:00:00,2.556,0.950832,1.1706480000000001,1.0,2.5590334928229668,2.139352,3.31
2026-04-10 14:00:00,2.556000000000001,0.9508320000000003,1.1706480000000006,1.0,2.4992248803827746,2.0893519999999994,3.26
2026-04-10 15:00:00,2.556,0.950832,1.1706480000000001,1.0,2.5590334928229668,2.139352,3.31
2026-04-10 16:00:00,2.556,0.950832,1.1706480000000001,1.0,2.7145358851674644,2.269352,3.44
2026-04-10 17:00:00,2.556,0.950832,1.1706480000000001,1.0,2.941808612440191,2.4593519999999995,3.63
2026-04-10 18:00:00,2.556,0.950832,1.1706480000000001,1.0,3.3724306220095697,2.8193520000000003,3.99
2026-04-10 19:00:00,2.556,0.950832,1.1706480000000001,1.0,3.6355885167464113,3.0393519999999996,4.21
2026-04-10 20:00:00,2.556,0.950832,1.1706480000000001,1.0,3.7073588516746403,3.099351999999999,4.27
2026-04-10 21:00:00,2.556,0.950832,1.1706480000000001,1.0,3.5877416267942586,2.999352,4.17
2026-04-10 22:00:00,2.556000000000001,0.9508320000000003,1.1706480000000006,1.0,3.181043062200957,2.659352,3.83
2026-04-10 23:00:00,2.556,0.950832,1.1706480000000001,1.0,2.271952153110048,1.899352,3.07
2026-04-11 00:00:00,2.556,0.950832,1.1706480000000001,1.0,2.2241052631578944,1.8593519999999997,3.03
2026-04-11 01:00:00,2.556,0.950832,1.1706480000000001,1.0,2.307837320574163,1.9293520000000002,3.1
2026-04-11 02:00:00,2.556,0.950832,1.1706480000000001,1.0,2.403531100478469,2.0093520000000002,3.18
2026-04-11 03:00:00,2.556,0.950832,1.1706480000000001,1.0,2.547071770334928,2.129352,3.3
2026-04-11 04:00:00,2.556,0.950832,1.1706480000000001,1.0,2.977693779904307,2.4893520000000002,3.66
2026-04-11 05:00:00,2.556,0.950832,1.1706480000000001,1.0,3.4561626794258373,2.8893519999999997,4.06
2026-04-11 06:00:00,2.556,0.950832,1.1706480000000001,1.0,3.4920478468899523,2.919352,4.09
2026-04-11 07:00:00,2.556000000000001,0.9508320000000003,1.1706480000000006,1.0,3.396354066985645,2.839351999999999,4.01
2026-04-11 08:00:00,2.556,0.950832,1.1706480000000001,1.0,3.2049665071770335,2.6793519999999997,3.85
2026-04-11 09:00:00,2.556,0.950832,1.1706480000000001,1.0,3.0614258373205745,2.559352,3.73
2026-04-11 10:00:00,2.556000000000001,0.9508320000000003,1.1706480000000006,1.0,2.9537703349282296,2.4693519999999998,3.64
2026-04-11 11:00:00,2.556000000000001,0.9508320000000003,1.1706480000000006,1.0,2.798267942583731,2.339351999999999,3.51
2026-04-11 12:00:00,2.556,0.950832,1.1706480000000001,1.0,2.7743444976076557,2.319352,3.49
2026-04-11 13:00:00,2.556,0.950832,1.1706480000000001,1.0,2.762382775119617,2.3093519999999996,3.48
2026-04-11 14:00:00,2.556,0.950832,1.1706480000000001,1.0,2.7504210526315793,2.2993520000000003,3.47
2026-04-11 15:00:00,2.556000000000001,0.9508320000000003,1.1706480000000006,1.0,2.8221913875598084,2.359352,3.53
2026-04-11 16:00:00,2.556,0.950832,1.1706480000000001,1.0,3.0494641148325368,2.5493520000000007,3.72
2026-04-11 17:00:00,2.556000000000001,0.9508320000000003,1.1706480000000006,1.0,3.216928229665071,2.6893519999999995,3.86
2026-04-11 18:00:00,2.556,0.950832,1.1706480000000001,1.0,3.3724306220095697,2.8193520000000003,3.99
2026-04-11 19:00:00,2.556000000000001,0.9508320000000003,1.1706480000000006,1.0,3.539894736842105,2.9593519999999995,4.13
2026-04-11 20:00:00,2.556000000000001,0.9508320000000003,1.1706480000000006,1.0,3.611665071770335,3.019352,4.19
2026-04-11 21:00:00,2.556,0.950832,1.1706480000000001,1.0,3.5159712918660295,2.9393520000000004,4.11
2026-04-11 22:00:00,2.556,0.950832,1.1706480000000001,1.0,3.1690813397129185,2.649352,3.82
2026-04-11 23:00:00,2.556,0.950832,1.1706480000000001,1.0,2.271952153110048,1.899352,3.07
2026-04-12 00:00:00,2.556000000000001,0.9508320000000003,1.1706480000000006,1.0,2.164296650717703,1.8093519999999996,2.98
2026-04-12 01:00:00,2.555999999999999,0.9508319999999997,1.1706479999999997,1.0,2.25999043062201,1.8893520000000004,3.06
2026-04-12 02:00:00,2.555999999999999,0.9508319999999997,1.1706479999999997,1.0,2.379607655502393,1.9893520000000002,3.16
2026-04-12 03:00:00,2.556,0.950832,1.1706480000000001,1.0,2.547071770334928,2.129352,3.3
2026-04-12 04:00:00,2.556000000000001,0.9508320000000003,1.1706480000000006,1.0,3.01357894736842,2.519351999999999,3.69
2026-04-12 05:00:00,2.556000000000001,0.9508320000000003,1.1706480000000006,1.0,3.396354066985645,2.839351999999999,4.01
2026-04-12 06:00:00,2.556,0.950832,1.1706480000000001,1.0,3.4561626794258373,2.8893519999999997,4.06
2026-04-12 07:00:00,2.556000000000001,0.9508320000000003,1.1706480000000006,1.0,3.408315789473683,2.8493519999999988,4.02
2026-04-12 08:00:00,2.556,0.950832,1.1706480000000001,1.0,3.1571196172248808,2.639352,3.81
2026-04-12 09:00:00,2.556,0.950832,1.1706480000000001,1.0,2.965732057416268,2.479352,3.65
2026-04-12 10:00:00,2.556000000000001,0.9508320000000003,1.1706480000000006,1.0,2.798267942583731,2.339351999999999,3.51
2026-04-12 11:00:00,2.556000000000001,0.9508320000000003,1.1706480000000006,1.0,2.654727272727272,2.2193519999999993,3.39
2026-04-12 12:00:00,2.556000000000001,0.9508320000000003,1.1706480000000006,1.0,2.5709952153110045,2.1493519999999995,3.32
2026-04-12 13:00:00,0.0,0.0,0.0,0.0,3.995215311004785,3.3400000000000003,3.34
2026-04-12 14:00:00,0.0,0.0,0.0,0.0,3.9234449760765546,3.2799999999999994,3.28
2026-04-12 15:00:00,2.555999999999999,0.9508319999999997,1.1706479999999997,1.0,2.475301435406699,2.0693520000000003,3.24
2026-04-12 16:00:00,2.556,0.950832,1.1706480000000001,1.0,2.6427655502392344,2.209352,3.38
2026-04-12 17:00:00,2.556,0.950832,1.1706480000000001,1.0,2.7145358851674644,2.269352,3.44
2026-04-12 18:00:00,2.556000000000001,0.9508320000000003,1.1706480000000006,1.0,3.01357894736842,2.519351999999999,3.69
2026-04-12 19:00:00,2.556000000000001,0.9508320000000003,1.1706480000000006,1.0,3.288698564593301,2.7493519999999996,3.92
2026-04-12 20:00:00,2.556000000000001,0.9508320000000003,1.1706480000000006,1.0,3.432239234449761,2.869352,4.04
2026-04-12 21:00:00,2.556,0.950832,1.1706480000000001,1.0,3.3006602870813406,2.7593520000000007,3.93
2026-04-12 22:00:00,2.556,0.950832,1.1706480000000001,1.0,2.9298468899521533,2.449352,3.62
2026-04-12 23:00:00,2.556,0.950832,1.1706480000000001,1.0,2.056641148325359,1.719352,2.89
2026-04-13 00:00:00,2.5560000000000005,0.9508320000000001,1.1706480000000004,1.0,1.9131004784688994,1.5993519999999999,2.77
2026-04-13 01:00:00,2.556,0.950832,1.1706480000000001,1.0,1.9609473684210526,1.639352,2.81
2026-04-13 02:00:00,2.556,0.950832,1.1706480000000001,1.0,2.0446794258373204,1.7093519999999998,2.88
2026-04-13 03:00:00,2.556,0.950832,1.1706480000000001,1.0,2.2958755980861243,1.9193519999999997,3.09
2026-04-13 04:00:00,2.556,0.950832,1.1706480000000001,1.0,2.7743444976076557,2.319352,3.49
2026-04-13 05:00:00,2.556000000000001,0.9508320000000003,1.1706480000000006,1.0,3.324583732057416,2.779352,3.95
2026-04-13 06:00:00,2.556,0.950832,1.1706480000000001,1.0,3.4561626794258373,2.8893519999999997,4.06
2026-04-13 07:00:00,2.556,0.950832,1.1706480000000001,1.0,3.5518564593301436,2.9693519999999998,4.14
2026-04-13 08:00:00,2.556,0.950832,1.1706480000000001,1.0,3.2288899521531107,2.6993520000000006,3.87
2026-04-13 09:00:00,2.556000000000001,0.9508320000000003,1.1706480000000006,1.0,2.870038277511961,2.3993519999999995,3.57
2026-04-13 10:00:00,2.556,0.950832,1.1706480000000001,1.0,2.547071770334928,2.129352,3.3
2026-04-13 11:00:00,2.556,0.950832,1.1706480000000001,1.0,2.3915693779904306,1.9993519999999998,3.17
2026-04-13 12:00:00,2.555999999999999,0.9508319999999997,1.1706479999999997,1.0,2.379607655502393,1.9893520000000002,3.16
2026-04-13 13:00:00,2.556,0.950832,1.1706480000000001,1.0,2.4633397129186605,2.059352,3.23
2026-04-13 14:00:00,2.555999999999999,0.9508319999999997,1.1706479999999997,1.0,2.4513779904306228,2.0493520000000007,3.22
2026-04-13 15:00:00,2.556,0.950832,1.1706480000000001,1.0,2.5590334928229668,2.139352,3.31
2026-04-13 16:00:00,2.556,0.950832,1.1706480000000001,1.0,2.7504210526315793,2.2993520000000003,3.47
2026-04-13 17:00:00,2.556000000000001,0.9508320000000003,1.1706480000000006,1.0,2.8819999999999997,2.4093519999999997,3.58
2026-04-13 18:00:00,2.556000000000001,0.9508320000000003,1.1706480000000006,1.0,3.252813397129186,2.7193519999999993,3.89
2026-04-13 19:00:00,2.556,0.950832,1.1706480000000001,1.0,3.5159712918660295,2.9393520000000004,4.11
2026-04-13 20:00:00,2.556,0.950832,1.1706480000000001,1.0,3.7073588516746403,3.099351999999999,4.27
2026-04-13 21:00:00,2.556,0.950832,1.1706480000000001,1.0,3.563818181818182,2.979352,4.15
2026-04-13 22:00:00,2.556,0.950832,1.1706480000000001,1.0,3.1331961722488035,2.6193519999999997,3.79
2026-04-13 23:00:00,2.556,0.950832,1.1706480000000001,1.0,2.307837320574163,1.9293520000000002,3.1
2026-04-14 00:00:00,2.555999999999999,0.9508319999999997,1.1706479999999997,1.0,2.1164497607655504,1.769352,2.94
2026-04-14 01:00:00,2.556,0.950832,1.1706480000000001,1.0,2.2121435406698566,1.849352,3.02
2026-04-14 02:00:00,2.556,0.950832,1.1706480000000001,1.0,2.307837320574163,1.9293520000000002,3.1
2026-04-14 03:00:00,2.556,0.950832,1.1706480000000001,1.0,2.547071770334928,2.129352,3.3
2026-04-14 04:00:00,2.556000000000001,0.9508320000000003,1.1706480000000006,1.0,3.0016172248803823,2.5093519999999994,3.68
2026-04-14 05:00:00,2.556000000000001,0.9508320000000003,1.1706480000000006,1.0,3.468124401913876,2.8993520000000004,4.07
2026-04-14 06:00:00,2.556,0.950832,1.1706480000000001,1.0,3.5997033492822963,3.0093519999999994,4.18
2026-04-14 07:00:00,2.556000000000001,0.9508320000000003,1.1706480000000006,1.0,3.647550239234449,3.0493519999999994,4.22
2026-04-14 08:00:00,2.556000000000001,0.9508320000000003,1.1706480000000006,1.0,3.288698564593301,2.7493519999999996,3.92
2026-04-14 09:00:00,2.556000000000001,0.9508320000000003,1.1706480000000006,1.0,3.0016172248803823,2.5093519999999994,3.68
2026-04-14 10:00:00,2.556000000000001,0.9508320000000003,1.1706480000000006,1.0,2.690612440191387,2.2493519999999996,3.42
2026-04-14 11:00:00,2.556000000000001,0.9508320000000003,1.1706480000000006,1.0,2.523148325358851,2.1093519999999994,3.28
2026-04-14 12:00:00,2.556,0.950832,1.1706480000000001,1.0,2.511186602870813,2.0993519999999997,3.27
2026-04-14 13:00:00,2.556,0.950832,1.1706480000000001,1.0,2.6427655502392344,2.209352,3.38
2026-04-14 14:00:00,2.555999999999999,0.9508319999999997,1.1706479999999997,1.0,2.5949186602870817,2.1693520000000004,3.34
2026-04-14 15:00:00,2.556,0.950832,1.1706480000000001,1.0,2.582956937799043,2.159352,3.33
2026-04-14 16:00:00,2.556000000000001,0.9508320000000003,1.1706480000000006,1.0,2.8221913875598084,2.359352,3.53
2026-04-14 17:00:00,2.556,0.950832,1.1706480000000001,1.0,2.965732057416268,2.479352,3.65
2026-04-14 18:00:00,2.556000000000001,0.9508320000000003,1.1706480000000006,1.0,3.264775119617224,2.729351999999999,3.9
2026-04-14 19:00:00,2.556000000000001,0.9508320000000003,1.1706480000000006,1.0,3.468124401913876,2.8993520000000004,4.07
2026-04-14 20:00:00,2.556000000000001,0.9508320000000003,1.1706480000000006,1.0,3.611665071770335,3.019352,4.19
2026-04-14 21:00:00,2.556000000000001,0.9508320000000003,1.1706480000000006,1.0,3.408315789473683,2.8493519999999988,4.02
2026-04-14 22:00:00,2.556,0.950832,1.1706480000000001,1.0,2.9896555023923446,2.499352,3.67
2026-04-14 23:00:00,2.5560000000000005,0.9508320000000001,1.1706480000000004,1.0,2.1523349282296653,1.799352,2.97
2026-04-15 00:00:00,2.5559999999999996,0.9508319999999999,1.170648,1.0,1.9370239234449762,1.6193520000000001,2.79
2026-04-15 01:00:00,2.556,0.950832,1.1706480000000001,1.0,1.9609473684210526,1.639352,2.81
2026-04-15 02:00:00,2.5559999999999996,0.9508319999999999,1.170648,1.0,2.0087942583732064,1.6793520000000004,2.85
2026-04-15 03:00:00,2.556,0.950832,1.1706480000000001,1.0,2.236066985645933,1.869352,3.04
2026-04-15 04:00:00,2.556000000000001,0.9508320000000003,1.1706480000000006,1.0,2.690612440191387,2.2493519999999996,3.42
2026-04-15 05:00:00,2.556000000000001,0.9508320000000003,1.1706480000000006,1.0,3.252813397129186,2.7193519999999993,3.89
2026-04-15 06:00:00,2.556000000000001,0.9508320000000003,1.1706480000000006,1.0,3.396354066985645,2.839351999999999,4.01
2026-04-15 07:00:00,2.556,0.950832,1.1706480000000001,1.0,3.4800861244019146,2.9093520000000006,4.08
2026-04-15 08:00:00,2.556,0.950832,1.1706480000000001,1.0,3.1690813397129185,2.649352,3.82
2026-04-15 09:00:00,2.556000000000001,0.9508320000000003,1.1706480000000006,1.0,2.870038277511961,2.3993519999999995,3.57
2026-04-15 10:00:00,2.556,0.950832,1.1706480000000001,1.0,2.5590334928229668,2.139352,3.31
2026-04-15 11:00:00,2.556,0.950832,1.1706480000000001,1.0,2.511186602870813,2.0993519999999997,3.27
2026-04-15 12:00:00,2.556,0.950832,1.1706480000000001,1.0,2.3915693779904306,1.9993519999999998,3.17
2026-04-15 13:00:00,2.556,0.950832,1.1706480000000001,1.0,2.4633397129186605,2.059352,3.23
2026-04-15 14:00:00,2.556000000000001,0.9508320000000003,1.1706480000000006,1.0,2.3197990430622006,1.9393519999999997,3.11
2026-04-15 15:00:00,2.556000000000001,0.9508320000000003,1.1706480000000006,1.0,2.3556842105263156,1.9693519999999998,3.14
2026-04-15 16:00:00,2.556,0.950832,1.1706480000000001,1.0,2.487263157894737,2.079352,3.25
2026-04-15 17:00:00,2.556000000000001,0.9508320000000003,1.1706480000000006,1.0,2.6786507177033494,2.239352,3.41
2026-04-15 18:00:00,2.556,0.950832,1.1706480000000001,1.0,3.0255406698564595,2.5293520000000003,3.7
2026-04-15 19:00:00,2.556000000000001,0.9508320000000003,1.1706480000000006,1.0,3.324583732057416,2.779352,3.95
2026-04-15 20:00:00,2.556000000000001,0.9508320000000003,1.1706480000000006,1.0,3.539894736842105,2.9593519999999995,4.13
2026-04-15 21:00:00,2.556,0.950832,1.1706480000000001,1.0,3.3843923444976074,2.8293519999999996,4.0
2026-04-15 22:00:00,2.556000000000001,0.9508320000000003,1.1706480000000006,1.0,2.9537703349282296,2.4693519999999998,3.64
2026-04-15 23:00:00,2.556000000000001,0.9508320000000003,1.1706480000000006,1.0,2.164296650717703,1.8093519999999996,2.98
2026-04-16 00:00:00,2.5560000000000005,0.9508320000000001,1.1706480000000004,1.0,1.948985645933014,1.6293519999999997,2.8
2026-04-16 01:00:00,2.556,0.950832,1.1706480000000001,1.0,2.056641148325359,1.719352,2.89
2026-04-16 02:00:00,2.556,0.950832,1.1706480000000001,1.0,2.2241052631578944,1.8593519999999997,3.03
2026-04-16 03:00:00,2.556000000000001,0.9508320000000003,1.1706480000000006,1.0,2.4274545454545455,2.029352,3.2
2026-04-16 04:00:00,2.556,0.950832,1.1706480000000001,1.0,2.8939617224880383,2.419352,3.59
2026-04-16 05:00:00,2.556,0.950832,1.1706480000000001,1.0,3.3843923444976074,2.8293519999999996,4.0
2026-04-16 06:00:00,2.556,0.950832,1.1706480000000001,1.0,3.5877416267942586,2.999352,4.17
2026-04-16 07:00:00,2.556,0.950832,1.1706480000000001,1.0,3.6236267942583735,3.0293520000000003,4.2
2026-04-16 08:00:00,2.556000000000001,0.9508320000000003,1.1706480000000006,1.0,3.1451578947368413,2.629351999999999,3.8
2026-04-16 09:00:00,2.556,0.950832,1.1706480000000001,1.0,2.7504210526315793,2.2993520000000003,3.47
2026-04-16 10:00:00,2.555999999999999,0.9508319999999997,1.1706479999999997,1.0,2.439416267942584,2.039352,3.21
2026-04-16 11:00:00,2.556,0.950832,1.1706480000000001,1.0,2.200181818181818,1.8393519999999999,3.01
2026-04-16 12:00:00,2.5559999999999996,0.9508319999999999,1.170648,1.0,2.1882200956937803,1.8293520000000003,3.0
2026-04-16 13:00:00,2.556,0.950832,1.1706480000000001,1.0,2.2839138755980866,1.9093520000000004,3.08
2026-04-16 14:00:00,2.556,0.950832,1.1706480000000001,1.0,2.2241052631578944,1.8593519999999997,3.03
2026-04-16 15:00:00,2.556,0.950832,1.1706480000000001,1.0,2.2241052631578944,1.8593519999999997,3.03
2026-04-16 16:00:00,2.556,0.950832,1.1706480000000001,1.0,2.307837320574163,1.9293520000000002,3.1
2026-04-16 17:00:00,2.556,0.950832,1.1706480000000001,1.0,2.487263157894737,2.079352,3.25
2026-04-16 18:00:00,2.556,0.950832,1.1706480000000001,1.0,2.9178851674641146,2.4393519999999995,3.61
2026-04-16 19:00:00,2.556,0.950832,1.1706480000000001,1.0,3.2049665071770335,2.6793519999999997,3.85
2026-04-16 20:00:00,2.556,0.950832,1.1706480000000001,1.0,3.4202775119617224,2.859352,4.03
2026-04-16 21:00:00,2.556,0.950832,1.1706480000000001,1.0,3.3126220095693784,2.769352,3.94
2026-04-16 22:00:00,2.556,0.950832,1.1706480000000001,1.0,2.965732057416268,2.479352,3.65
2026-04-16 23:00:00,2.5559999999999996,0.9508319999999999,1.170648,1.0,2.1882200956937803,1.8293520000000003,3.0
2026-04-17 00:00:00,2.5559999999999996,0.9508319999999999,1.170648,1.0,1.9848708133971298,1.6593520000000004,2.83
2026-04-17 01:00:00,2.5560000000000005,0.9508320000000001,1.1706480000000004,1.0,2.0686028708133968,1.7293519999999996,2.9
2026-04-17 02:00:00,2.556,0.950832,1.1706480000000001,1.0,2.236066985645933,1.869352,3.04
2026-04-17 03:00:00,2.556,0.950832,1.1706480000000001,1.0,2.487263157894737,2.079352,3.25
2026-04-17 04:00:00,2.556,0.950832,1.1706480000000001,1.0,2.941808612440191,2.4593519999999995,3.63
2026-04-17 05:00:00,2.556,0.950832,1.1706480000000001,1.0,3.4561626794258373,2.8893519999999997,4.06
2026-04-17 06:00:00,2.556000000000001,0.9508320000000003,1.1706480000000006,1.0,3.647550239234449,3.0493519999999994,4.22
2026-04-17 07:00:00,2.556,0.950832,1.1706480000000001,1.0,3.5877416267942586,2.999352,4.17
2026-04-17 08:00:00,2.556,0.950832,1.1706480000000001,1.0,2.965732057416268,2.479352,3.65
2026-04-17 09:00:00,2.555999999999999,0.9508319999999997,1.1706479999999997,1.0,2.4513779904306228,2.0493520000000007,3.22
2026-04-17 10:00:00,2.556,0.950832,1.1706480000000001,1.0,2.056641148325359,1.719352,2.89
2026-04-17 11:00:00,2.5559999999999996,0.9508319999999999,1.170648,1.0,1.9370239234449762,1.6193520000000001,2.79
2026-04-17 12:00:00,2.556,0.950832,1.1706480000000001,1.0,1.9250622009569376,1.6093519999999997,2.78
2026-04-17 13:00:00,2.5559999999999996,0.9508319999999999,1.170648,1.0,1.9729090909090907,1.6493519999999997,2.82
2026-04-17 14:00:00,2.5559999999999996,0.9508319999999999,1.170648,1.0,1.9011387559808612,1.5893519999999999,2.76
2026-04-17 15:00:00,2.5559999999999996,0.9508319999999999,1.170648,1.0,1.9848708133971298,1.6593520000000004,2.83
2026-04-17 16:00:00,2.5560000000000005,0.9508320000000001,1.1706480000000004,1.0,2.1762583732057417,1.8193519999999999,2.99
2026-04-17 17:00:00,2.556,0.950832,1.1706480000000001,1.0,2.403531100478469,2.0093520000000002,3.18
2026-04-17 18:00:00,2.556000000000001,0.9508320000000003,1.1706480000000006,1.0,2.8461148325358847,2.3793519999999995,3.55
2026-04-17 19:00:00,2.556,0.950832,1.1706480000000001,1.0,3.2049665071770335,2.6793519999999997,3.85
2026-04-17 20:00:00,2.556000000000001,0.9508320000000003,1.1706480000000006,1.0,3.432239234449761,2.869352,4.04
2026-04-17 21:00:00,2.556000000000001,0.9508320000000003,1.1706480000000006,1.0,3.360468899521531,2.8093519999999996,3.98
2026-04-17 22:00:00,2.556,0.950832,1.1706480000000001,1.0,2.9298468899521533,2.449352,3.62
2026-04-17 23:00:00,2.556,0.950832,1.1706480000000001,1.0,2.128411483253589,1.7793520000000003,2.95
2026-04-18 00:00:00,2.556,0.950832,1.1706480000000001,1.0,2.020755980861244,1.689352,2.86
2026-04-18 01:00:00,2.5560000000000005,0.9508320000000001,1.1706480000000004,1.0,2.1523349282296653,1.799352,2.97
2026-04-18 02:00:00,2.556,0.950832,1.1706480000000001,1.0,2.2839138755980866,1.9093520000000004,3.08
2026-04-18 03:00:00,2.555999999999999,0.9508319999999997,1.1706479999999997,1.0,2.475301435406699,2.0693520000000003,3.24
2026-04-18 04:00:00,2.556000000000001,0.9508320000000003,1.1706480000000006,1.0,2.870038277511961,2.3993519999999995,3.57
2026-04-18 05:00:00,2.556,0.950832,1.1706480000000001,1.0,3.3126220095693784,2.769352,3.94
2026-04-18 06:00:00,2.556000000000001,0.9508320000000003,1.1706480000000006,1.0,3.396354066985645,2.839351999999999,4.01
2026-04-18 07:00:00,2.556,0.950832,1.1706480000000001,1.0,3.2767368421052634,2.7393520000000002,3.91
2026-04-18 08:00:00,2.556,0.950832,1.1706480000000001,1.0,2.7384593301435407,2.289352,3.46
2026-04-18 09:00:00,2.556,0.950832,1.1706480000000001,1.0,2.4633397129186605,2.059352,3.23
2026-04-18 10:00:00,2.556000000000001,0.9508320000000003,1.1706480000000006,1.0,2.164296650717703,1.8093519999999996,2.98
2026-04-18 11:00:00,2.5560000000000005,0.9508320000000001,1.1706480000000004,1.0,2.1403732057416267,1.7893519999999998,2.96
2026-04-18 12:00:00,2.5560000000000005,0.9508320000000001,1.1706480000000004,1.0,2.1044880382775117,1.7593519999999998,2.93
2026-04-18 13:00:00,2.556,0.950832,1.1706480000000001,1.0,2.128411483253589,1.7793520000000003,2.95
2026-04-18 14:00:00,2.556,0.950832,1.1706480000000001,1.0,1.9968325358851675,1.669352,2.84
2026-04-18 15:00:00,2.5560000000000005,0.9508320000000001,1.1706480000000004,1.0,2.1044880382775117,1.7593519999999998,2.93
2026-04-18 16:00:00,2.556,0.950832,1.1706480000000001,1.0,2.403531100478469,2.0093520000000002,3.18
2026-04-18 17:00:00,2.556000000000001,0.9508320000000003,1.1706480000000006,1.0,2.4992248803827746,2.0893519999999994,3.26
2026-04-18 18:00:00,2.556,0.950832,1.1706480000000001,1.0,2.8939617224880383,2.419352,3.59
2026-04-18 19:00:00,2.556000000000001,0.9508320000000003,1.1706480000000006,1.0,3.181043062200957,2.659352,3.83
2026-04-18 20:00:00,2.556,0.950832,1.1706480000000001,1.0,3.3365454545454547,2.789352,3.96
2026-04-18 21:00:00,2.556000000000001,0.9508320000000003,1.1706480000000006,1.0,3.252813397129186,2.7193519999999993,3.89
2026-04-18 22:00:00,2.556000000000001,0.9508320000000003,1.1706480000000006,1.0,2.8221913875598084,2.359352,3.53
2026-04-18 23:00:00,2.5559999999999996,0.9508319999999999,1.170648,1.0,2.0327177033492827,1.6993520000000002,2.87
2026-04-19 00:00:00,2.5560000000000005,0.9508320000000001,1.1706480000000004,1.0,1.948985645933014,1.6293519999999997,2.8
2026-04-19 01:00:00,2.5559999999999996,0.9508319999999999,1.170648,1.0,2.0087942583732064,1.6793520000000004,2.85
2026-04-19 02:00:00,2.556,0.950832,1.1706480000000001,1.0,2.0805645933014354,1.739352,2.91
2026-04-19 03:00:00,2.555999999999999,0.9508319999999997,1.1706479999999997,1.0,2.25999043062201,1.8893520000000004,3.06
2026-04-19 04:00:00,2.556000000000001,0.9508320000000003,1.1706480000000006,1.0,2.654727272727272,2.2193519999999993,3.39
2026-04-19 05:00:00,2.556,0.950832,1.1706480000000001,1.0,3.0973110047846886,2.5893519999999994,3.76
2026-04-19 06:00:00,2.556,0.950832,1.1706480000000001,1.0,3.1571196172248808,2.639352,3.81
2026-04-19 07:00:00,2.556,0.950832,1.1706480000000001,1.0,3.0494641148325368,2.5493520000000007,3.72
2026-04-19 08:00:00,2.556000000000001,0.9508320000000003,1.1706480000000006,1.0,2.654727272727272,2.2193519999999993,3.39
2026-04-19 09:00:00,2.555999999999999,0.9508319999999997,1.1706479999999997,1.0,2.475301435406699,2.0693520000000003,3.24
2026-04-19 10:00:00,2.556,0.950832,1.1706480000000001,1.0,2.307837320574163,1.9293520000000002,3.1
2026-04-19 11:00:00,2.5560000000000005,0.9508320000000001,1.1706480000000004,1.0,2.1403732057416267,1.7893519999999998,2.96
2026-04-19 12:00:00,2.556,0.950832,1.1706480000000001,1.0,1.9609473684210526,1.639352,2.81
2026-04-19 13:00:00,0.0,0.0,0.0,0.0,3.433014354066986,2.87,2.87
2026-04-19 14:00:00,0.0,0.0,0.0,0.0,3.3492822966507174,2.8,2.8
2026-04-19 15:00:00,2.5559999999999996,0.9508319999999999,1.170648,1.0,1.9848708133971298,1.6593520000000004,2.83
2026-04-19 16:00:00,2.556,0.950832,1.1706480000000001,1.0,2.2241052631578944,1.8593519999999997,3.03
2026-04-19 17:00:00,2.556000000000001,0.9508320000000003,1.1706480000000006,1.0,2.343722488038277,1.9593519999999995,3.13
2026-04-19 18:00:00,2.556,0.950832,1.1706480000000001,1.0,2.7743444976076557,2.319352,3.49
2026-04-19 19:00:00,2.555999999999999,0.9508319999999997,1.1706479999999997,1.0,3.121234449760766,2.609352,3.78
2026-04-19 20:00:00,2.556000000000001,0.9508320000000003,1.1706480000000006,1.0,3.396354066985645,2.839351999999999,4.01
2026-04-19 21:00:00,2.556000000000001,0.9508320000000003,1.1706480000000006,1.0,3.252813397129186,2.7193519999999993,3.89
2026-04-19 22:00:00,2.556000000000001,0.9508320000000003,1.1706480000000006,1.0,2.8461148325358847,2.3793519999999995,3.55
2026-04-19 23:00:00,2.556,0.950832,1.1706480000000001,1.0,2.0446794258373204,1.7093519999999998,2.88
2026-04-20 00:00:00,2.556,0.950832,1.1706480000000001,1.0,1.8532918660287085,1.5493520000000003,2.72
2026-04-20 01:00:00,2.5560000000000005,0.9508320000000001,1.1706480000000004,1.0,1.948985645933014,1.6293519999999997,2.8
2026-04-20 02:00:00,2.5560000000000005,0.9508320000000001,1.1706480000000004,1.0,2.0686028708133968,1.7293519999999996,2.9
2026-04-20 03:00:00,2.556000000000001,0.9508320000000003,1.1706480000000006,1.0,2.3197990430622006,1.9393519999999997,3.11
2026-04-20 04:00:00,2.556,0.950832,1.1706480000000001,1.0,2.762382775119617,2.3093519999999996,3.48
2026-04-20 05:00:00,2.556,0.950832,1.1706480000000001,1.0,3.2408516746411484,2.709352,3.88
2026-04-20 06:00:00,2.556,0.950832,1.1706480000000001,1.0,3.4202775119617224,2.859352,4.03
2026-04-20 07:00:00,2.556,0.950832,1.1706480000000001,1.0,3.3485071770334933,2.7993520000000003,3.97
2026-04-20 08:00:00,2.556000000000001,0.9508320000000003,1.1706480000000006,1.0,2.7025741626794257,2.259352,3.43
2026-04-20 09:00:00,2.556,0.950832,1.1706480000000001,1.0,2.2241052631578944,1.8593519999999997,3.03
2026-04-20 10:00:00,2.5559999999999996,0.9508319999999999,1.170648,1.0,1.8652535885167467,1.5593520000000003,2.73
2026-04-20 11:00:00,2.556,0.950832,1.1706480000000001,1.0,1.7097511961722491,1.4293520000000002,2.6
2026-04-20 12:00:00,2.5560000000000005,0.9508320000000001,1.1706480000000004,1.0,1.6619043062200956,1.389352,2.56
2026-04-20 13:00:00,2.556,0.950832,1.1706480000000001,1.0,1.7456363636363637,1.459352,2.63
2026-04-20 14:00:00,2.556,0.950832,1.1706480000000001,1.0,1.6379808612440192,1.369352,2.54
2026-04-20 15:00:00,2.556,0.950832,1.1706480000000001,1.0,1.6738660287081337,1.3993519999999997,2.57
2026-04-20 16:00:00,2.5559999999999996,0.9508319999999999,1.170648,1.0,1.8652535885167467,1.5593520000000003,2.73
2026-04-20 17:00:00,2.556,0.950832,1.1706480000000001,1.0,2.128411483253589,1.7793520000000003,2.95
2026-04-20 18:00:00,2.556,0.950832,1.1706480000000001,1.0,2.582956937799043,2.159352,3.33
2026-04-20 19:00:00,2.556,0.950832,1.1706480000000001,1.0,2.941808612440191,2.4593519999999995,3.63
2026-04-20 20:00:00,2.556000000000001,0.9508320000000003,1.1706480000000006,1.0,3.216928229665071,2.6893519999999995,3.86
2026-04-20 21:00:00,2.556000000000001,0.9508320000000003,1.1706480000000006,1.0,3.109272727272727,2.5993519999999997,3.77
2026-04-20 22:00:00,2.556000000000001,0.9508320000000003,1.1706480000000006,1.0,2.6786507177033494,2.239352,3.41
2026-04-20 23:00:00,2.5559999999999996,0.9508319999999999,1.170648,1.0,1.9848708133971298,1.6593520000000004,2.83
2026-04-21 00:00:00,2.5559999999999996,0.9508319999999999,1.170648,1.0,1.7575980861244023,1.4693520000000002,2.64
2026-04-21 01:00:00,2.556,0.950832,1.1706480000000001,1.0,1.8532918660287085,1.5493520000000003,2.72
2026-04-21 02:00:00,2.5559999999999996,0.9508319999999999,1.170648,1.0,1.9848708133971298,1.6593520000000004,2.83
2026-04-21 03:00:00,2.556,0.950832,1.1706480000000001,1.0,2.236066985645933,1.869352,3.04
2026-04-21 04:00:00,2.556,0.950832,1.1706480000000001,1.0,2.6427655502392344,2.209352,3.38
2026-04-21 05:00:00,2.555999999999999,0.9508319999999997,1.1706479999999997,1.0,3.121234449760766,2.609352,3.78
2026-04-21 06:00:00,2.556000000000001,0.9508320000000003,1.1706480000000006,1.0,3.360468899521531,2.8093519999999996,3.98
2026-04-21 07:00:00,2.556000000000001,0.9508320000000003,1.1706480000000006,1.0,3.216928229665071,2.6893519999999995,3.86
2026-04-21 08:00:00,2.556,0.950832,1.1706480000000001,1.0,2.511186602870813,2.0993519999999997,3.27
2026-04-21 09:00:00,2.556,0.950832,1.1706480000000001,1.0,2.056641148325359,1.719352,2.89
2026-04-21 10:00:00,2.5560000000000005,0.9508320000000001,1.1706480000000004,1.0,1.6619043062200956,1.389352,2.56
2026-04-21 11:00:00,2.556,0.950832,1.1706480000000001,1.0,1.554248803827751,1.2993519999999998,2.47
2026-04-21 12:00:00,2.5559999999999996,0.9508319999999999,1.170648,1.0,1.4705167464114834,1.229352,2.4
2026-04-21 13:00:00,2.556,0.950832,1.1706480000000001,1.0,1.5662105263157893,1.3093519999999998,2.48
2026-04-21 14:00:00,2.5559999999999996,0.9508319999999999,1.170648,1.0,1.3987464114832535,1.169352,2.34
2026-04-21 15:00:00,2.556,0.950832,1.1706480000000001,1.0,1.5183636363636361,1.2693519999999998,2.44
2026-04-21 16:00:00,2.5560000000000005,0.9508320000000001,1.1706480000000004,1.0,1.590133971291866,1.3293519999999999,2.5
2026-04-21 17:00:00,2.5559999999999996,0.9508319999999999,1.170648,1.0,1.8652535885167467,1.5593520000000003,2.73
2026-04-21 18:00:00,2.556,0.950832,1.1706480000000001,1.0,2.3915693779904306,1.9993519999999998,3.17
2026-04-21 19:00:00,2.556,0.950832,1.1706480000000001,1.0,2.7743444976076557,2.319352,3.49
2026-04-21 20:00:00,2.556000000000001,0.9508320000000003,1.1706480000000006,1.0,3.0733875598086122,2.569352,3.74
2026-04-21 21:00:00,2.556,0.950832,1.1706480000000001,1.0,2.9178851674641146,2.4393519999999995,3.61
2026-04-21 22:00:00,2.555999999999999,0.9508319999999997,1.1706479999999997,1.0,2.475301435406699,2.0693520000000003,3.24
2026-04-21 23:00:00,2.5559999999999996,0.9508319999999999,1.170648,1.0,1.7934832535885168,1.499352,2.67
2026-04-22 00:00:00,2.5559999999999996,0.9508319999999999,1.170648,1.0,1.542287081339713,1.289352,2.46
2026-04-22 01:00:00,2.5559999999999996,0.9508319999999999,1.170648,1.0,1.5781722488038283,1.3193520000000005,2.49
2026-04-22 02:00:00,2.556,0.950832,1.1706480000000001,1.0,1.69778947368421,1.4193519999999995,2.59
2026-04-22 03:00:00,2.556,0.950832,1.1706480000000001,1.0,1.9609473684210526,1.639352,2.81
2026-04-22 04:00:00,2.556,0.950832,1.1706480000000001,1.0,2.3915693779904306,1.9993519999999998,3.17
2026-04-22 05:00:00,2.556,0.950832,1.1706480000000001,1.0,2.8939617224880383,2.419352,3.59
2026-04-22 06:00:00,2.556,0.950832,1.1706480000000001,1.0,3.1331961722488035,2.6193519999999997,3.79
2026-04-22 07:00:00,2.556,0.950832,1.1706480000000001,1.0,2.9896555023923446,2.499352,3.67
2026-04-22 08:00:00,2.556,0.950832,1.1706480000000001,1.0,2.3317607655502393,1.949352,3.12
2026-04-22 09:00:00,2.5560000000000005,0.9508320000000001,1.1706480000000004,1.0,1.948985645933014,1.6293519999999997,2.8
2026-04-22 10:00:00,2.556,0.950832,1.1706480000000001,1.0,1.554248803827751,1.2993519999999998,2.47
2026-04-22 11:00:00,2.556,0.950832,1.1706480000000001,1.0,1.5303253588516748,1.279352,2.45
2026-04-22 12:00:00,2.5560000000000005,0.9508320000000001,1.1706480000000004,1.0,1.4824784688995216,1.239352,2.41
2026-04-22 13:00:00,2.556,0.950832,1.1706480000000001,1.0,1.5662105263157893,1.3093519999999998,2.48
2026-04-22 14:00:00,2.556,0.950832,1.1706480000000001,1.0,1.4944401913875598,1.249352,2.42
2026-04-22 15:00:00,2.556,0.950832,1.1706480000000001,1.0,1.5183636363636361,1.2693519999999998,2.44
2026-04-22 16:00:00,2.556,0.950832,1.1706480000000001,1.0,1.6379808612440192,1.369352,2.54
2026-04-22 17:00:00,2.5559999999999996,0.9508319999999999,1.170648,1.0,1.8652535885167467,1.5593520000000003,2.73
2026-04-22 18:00:00,2.556000000000001,0.9508320000000003,1.1706480000000006,1.0,2.343722488038277,1.9593519999999995,3.13
2026-04-22 19:00:00,2.556000000000001,0.9508320000000003,1.1706480000000006,1.0,2.7025741626794257,2.259352,3.43
2026-04-22 20:00:00,2.556,0.950832,1.1706480000000001,1.0,2.965732057416268,2.479352,3.65
2026-04-22 21:00:00,2.556000000000001,0.9508320000000003,1.1706480000000006,1.0,2.8461148325358847,2.3793519999999995,3.55
2026-04-22 22:00:00,2.556,0.950832,1.1706480000000001,1.0,2.403531100478469,2.0093520000000002,3.18
2026-04-22 23:00:00,2.5559999999999996,0.9508319999999999,1.170648,1.0,1.6858277511961723,1.409352,2.58
2026-04-23 00:00:00,2.556,0.950832,1.1706480000000001,1.0,1.4226698564593299,1.1893519999999997,2.36
2026-04-23 01:00:00,2.556,0.950832,1.1706480000000001,1.0,1.5183636363636361,1.2693519999999998,2.44
2026-04-23 02:00:00,2.5560000000000005,0.9508320000000001,1.1706480000000004,1.0,1.590133971291866,1.3293519999999999,2.5
2026-04-23 03:00:00,2.5559999999999996,0.9508319999999999,1.170648,1.0,1.8293684210526318,1.529352,2.7
2026-04-23 04:00:00,2.556,0.950832,1.1706480000000001,1.0,2.271952153110048,1.899352,3.07
2026-04-23 05:00:00,2.556,0.950832,1.1706480000000001,1.0,2.7384593301435407,2.289352,3.46
2026-04-23 06:00:00,2.556,0.950832,1.1706480000000001,1.0,2.965732057416268,2.479352,3.65
2026-04-23 07:00:00,2.556,0.950832,1.1706480000000001,1.0,2.9178851674641146,2.4393519999999995,3.61
2026-04-23 08:00:00,2.555999999999999,0.9508319999999997,1.1706479999999997,1.0,2.379607655502393,1.9893520000000002,3.16
2026-04-23 09:00:00,2.5559999999999996,0.9508319999999999,1.170648,1.0,2.0327177033492827,1.6993520000000002,2.87
2026-04-23 10:00:00,2.5560000000000005,0.9508320000000001,1.1706480000000004,1.0,1.7336746411483255,1.449352,2.62
2026-04-23 11:00:00,2.556,0.950832,1.1706480000000001,1.0,1.6020956937799042,1.3393519999999999,2.51
2026-04-23 12:00:00,2.556,0.950832,1.1706480000000001,1.0,1.5303253588516748,1.279352,2.45
2026-04-23 13:00:00,2.556,0.950832,1.1706480000000001,1.0,1.5662105263157893,1.3093519999999998,2.48
2026-04-23 14:00:00,2.556,0.950832,1.1706480000000001,1.0,1.4465933014354067,1.209352,2.38
2026-04-23 15:00:00,2.5560000000000005,0.9508320000000001,1.1706480000000004,1.0,1.4824784688995216,1.239352,2.41
2026-04-23 16:00:00,2.556,0.950832,1.1706480000000001,1.0,1.6020956937799042,1.3393519999999999,2.51
2026-04-23 17:00:00,2.5560000000000005,0.9508320000000001,1.1706480000000004,1.0,1.805444976076555,1.5093519999999998,2.68
2026-04-23 18:00:00,2.556,0.950832,1.1706480000000001,1.0,2.307837320574163,1.9293520000000002,3.1
2026-04-23 19:00:00,2.556,0.950832,1.1706480000000001,1.0,2.6666889952153108,2.2293519999999996,3.4
2026-04-23 20:00:00,2.556,0.950832,1.1706480000000001,1.0,2.8939617224880383,2.419352,3.59
2026-04-23 21:00:00,2.556000000000001,0.9508320000000003,1.1706480000000006,1.0,2.8221913875598084,2.359352,3.53
2026-04-23 22:00:00,2.556,0.950832,1.1706480000000001,1.0,2.403531100478469,2.0093520000000002,3.18
2026-04-23 23:00:00,2.556,0.950832,1.1706480000000001,1.0,1.7456363636363637,1.459352,2.63
2026-04-24 00:00:00,2.556,0.950832,1.1706480000000001,1.0,1.5662105263157893,1.3093519999999998,2.48
2026-04-24 01:00:00,2.556,0.950832,1.1706480000000001,1.0,1.5662105263157893,1.3093519999999998,2.48
2026-04-24 02:00:00,2.5559999999999996,0.9508319999999999,1.170648,1.0,1.6499425837320574,1.379352,2.55
2026-04-24 03:00:00,2.556,0.950832,1.1706480000000001,1.0,1.8532918660287085,1.5493520000000003,2.72
2026-04-24 04:00:00,2.556,0.950832,1.1706480000000001,1.0,2.2480287081339707,1.8793519999999995,3.05
2026-04-24 05:00:00,2.556000000000001,0.9508320000000003,1.1706480000000006,1.0,2.7025741626794257,2.259352,3.43
2026-04-24 06:00:00,2.556,0.950832,1.1706480000000001,1.0,2.8939617224880383,2.419352,3.59
2026-04-24 07:00:00,2.556000000000001,0.9508320000000003,1.1706480000000006,1.0,2.905923444976076,2.4293519999999993,3.6
2026-04-24 08:00:00,2.555999999999999,0.9508319999999997,1.1706479999999997,1.0,2.4513779904306228,2.0493520000000007,3.22
2026-04-24 09:00:00,2.5559999999999996,0.9508319999999999,1.170648,1.0,2.1882200956937803,1.8293520000000003,3.0
2026-04-24 10:00:00,2.5559999999999996,0.9508319999999999,1.170648,1.0,1.9848708133971298,1.6593520000000004,2.83
2026-04-24 11:00:00,2.556,0.950832,1.1706480000000001,1.0,1.8532918660287085,1.5493520000000003,2.72
2026-04-24 12:00:00,2.5559999999999996,0.9508319999999999,1.170648,1.0,1.7575980861244023,1.4693520000000002,2.64
2026-04-24 13:00:00,2.5560000000000005,0.9508320000000001,1.1706480000000004,1.0,1.8413301435406695,1.5393519999999996,2.71
2026-04-24 14:00:00,2.556,0.950832,1.1706480000000001,1.0,1.69778947368421,1.4193519999999995,2.59
2026-04-24 15:00:00,2.5560000000000005,0.9508320000000001,1.1706480000000004,1.0,1.7336746411483255,1.449352,2.62
2026-04-24 16:00:00,2.556,0.950832,1.1706480000000001,1.0,1.889177033492823,1.579352,2.75
2026-04-24 17:00:00,2.556,0.950832,1.1706480000000001,1.0,2.056641148325359,1.719352,2.89
2026-04-24 18:00:00,2.556,0.950832,1.1706480000000001,1.0,2.403531100478469,2.0093520000000002,3.18
2026-04-24 19:00:00,2.556,0.950832,1.1706480000000001,1.0,2.762382775119617,2.3093519999999996,3.48
2026-04-24 20:00:00,2.556,0.950832,1.1706480000000001,1.0,3.0494641148325368,2.5493520000000007,3.72
2026-04-24 21:00:00,2.556,0.950832,1.1706480000000001,1.0,2.8939617224880383,2.419352,3.59
2026-04-24 22:00:00,2.555999999999999,0.9508319999999997,1.1706479999999997,1.0,2.415492822966508,2.0193520000000005,3.19
2026-04-24 23:00:00,2.5559999999999996,0.9508319999999999,1.170648,1.0,1.7575980861244023,1.4693520000000002,2.64
2026-04-25 00:00:00,2.5559999999999996,0.9508319999999999,1.170648,1.0,1.6499425837320574,1.379352,2.55
2026-04-25 01:00:00,2.5560000000000005,0.9508320000000001,1.1706480000000004,1.0,1.6619043062200956,1.389352,2.56
2026-04-25 02:00:00,2.556,0.950832,1.1706480000000001,1.0,1.7456363636363637,1.459352,2.63
2026-04-25 03:00:00,2.5560000000000005,0.9508320000000001,1.1706480000000004,1.0,1.877215311004785,1.569352,2.74
2026-04-25 04:00:00,2.556,0.950832,1.1706480000000001,1.0,2.2121435406698566,1.849352,3.02
2026-04-25 05:00:00,2.555999999999999,0.9508319999999997,1.1706479999999997,1.0,2.5949186602870817,2.1693520000000004,3.34
2026-04-25 06:00:00,2.556,0.950832,1.1706480000000001,1.0,2.6427655502392344,2.209352,3.38
2026-04-25 07:00:00,2.556,0.950832,1.1706480000000001,1.0,2.582956937799043,2.159352,3.33
2026-04-25 08:00:00,2.556,0.950832,1.1706480000000001,1.0,2.2839138755980866,1.9093520000000004,3.08
2026-04-25 09:00:00,2.555999999999999,0.9508319999999997,1.1706479999999997,1.0,2.1164497607655504,1.769352,2.94
2026-04-25 10:00:00,2.5559999999999996,0.9508319999999999,1.170648,1.0,1.9729090909090907,1.6493519999999997,2.82
2026-04-25 11:00:00,2.556,0.950832,1.1706480000000001,1.0,1.9609473684210526,1.639352,2.81
2026-04-25 12:00:00,2.556,0.950832,1.1706480000000001,1.0,1.8532918660287085,1.5493520000000003,2.72
2026-04-25 13:00:00,2.556000000000001,0.9508320000000003,1.1706480000000006,1.0,2.092526315789473,1.7493519999999994,2.92
2026-04-25 14:00:00,2.556,0.950832,1.1706480000000001,1.0,1.9968325358851675,1.669352,2.84
2026-04-25 15:00:00,2.556,0.950832,1.1706480000000001,1.0,2.0446794258373204,1.7093519999999998,2.88
2026-04-25 16:00:00,2.556,0.950832,1.1706480000000001,1.0,2.200181818181818,1.8393519999999999,3.01
2026-04-25 17:00:00,2.556,0.950832,1.1706480000000001,1.0,2.2121435406698566,1.849352,3.02
2026-04-25 18:00:00,2.556,0.950832,1.1706480000000001,1.0,2.4633397129186605,2.059352,3.23
2026-04-25 19:00:00,2.556000000000001,0.9508320000000003,1.1706480000000006,1.0,2.7025741626794257,2.259352,3.43
2026-04-25 20:00:00,2.556,0.950832,1.1706480000000001,1.0,2.965732057416268,2.479352,3.65
2026-04-25 21:00:00,2.556,0.950832,1.1706480000000001,1.0,2.941808612440191,2.4593519999999995,3.63
2026-04-25 22:00:00,2.556,0.950832,1.1706480000000001,1.0,2.4633397129186605,2.059352,3.23
2026-04-25 23:00:00,2.5560000000000005,0.9508320000000001,1.1706480000000004,1.0,1.76955980861244,1.4793519999999998,2.65
2026-04-26 00:00:00,2.5559999999999996,0.9508319999999999,1.170648,1.0,1.6858277511961723,1.409352,2.58
2026-04-26 01:00:00,2.556,0.950832,1.1706480000000001,1.0,1.7456363636363637,1.459352,2.63
2026-04-26 02:00:00,2.5559999999999996,0.9508319999999999,1.170648,1.0,1.8293684210526318,1.529352,2.7
2026-04-26 03:00:00,2.5559999999999996,0.9508319999999999,1.170648,1.0,1.9848708133971298,1.6593520000000004,2.83
2026-04-26 04:00:00,2.555999999999999,0.9508319999999997,1.1706479999999997,1.0,2.439416267942584,2.039352,3.21
2026-04-26 05:00:00,2.556000000000001,0.9508320000000003,1.1706480000000006,1.0,2.798267942583731,2.339351999999999,3.51
2026-04-26 06:00:00,2.556000000000001,0.9508320000000003,1.1706480000000006,1.0,2.8580765550239233,2.3893519999999997,3.56
2026-04-26 07:00:00,2.556000000000001,0.9508320000000003,1.1706480000000006,1.0,2.7025741626794257,2.259352,3.43
2026-04-26 08:00:00,2.555999999999999,0.9508319999999997,1.1706479999999997,1.0,2.415492822966508,2.0193520000000005,3.19
2026-04-26 09:00:00,2.556,0.950832,1.1706480000000001,1.0,2.271952153110048,1.899352,3.07
2026-04-26 10:00:00,2.5560000000000005,0.9508320000000001,1.1706480000000004,1.0,2.1523349282296653,1.799352,2.97
2026-04-26 11:00:00,2.556,0.950832,1.1706480000000001,1.0,2.056641148325359,1.719352,2.89
2026-04-26 12:00:00,2.556,0.950832,1.1706480000000001,1.0,2.020755980861244,1.689352,2.86
2026-04-26 13:00:00,0.0,0.0,0.0,0.0,3.5287081339712927,2.9500000000000006,2.95
2026-04-26 14:00:00,0.0,0.0,0.0,0.0,3.4090909090909096,2.8500000000000005,2.85
2026-04-26 15:00:00,2.556,0.950832,1.1706480000000001,1.0,2.128411483253589,1.7793520000000003,2.95
2026-04-26 16:00:00,2.556,0.950832,1.1706480000000001,1.0,2.3317607655502393,1.949352,3.12
2026-04-26 17:00:00,2.556,0.950832,1.1706480000000001,1.0,2.4633397129186605,2.059352,3.23
2026-04-26 18:00:00,2.556,0.950832,1.1706480000000001,1.0,2.7145358851674644,2.269352,3.44
2026-04-26 19:00:00,2.556,0.950832,1.1706480000000001,1.0,2.941808612440191,2.4593519999999995,3.63
2026-04-26 20:00:00,2.556000000000001,0.9508320000000003,1.1706480000000006,1.0,3.216928229665071,2.6893519999999995,3.86
2026-04-26 21:00:00,2.556,0.950832,1.1706480000000001,1.0,3.2288899521531107,2.6993520000000006,3.87
2026-04-26 22:00:00,2.556,0.950832,1.1706480000000001,1.0,2.762382775119617,2.3093519999999996,3.48
2026-04-26 23:00:00,2.556,0.950832,1.1706480000000001,1.0,2.0446794258373204,1.7093519999999998,2.88
2026-04-27 00:00:00,2.556,0.950832,1.1706480000000001,1.0,1.8532918660287085,1.5493520000000003,2.72
2026-04-27 01:00:00,2.556,0.950832,1.1706480000000001,1.0,1.9250622009569376,1.6093519999999997,2.78
2026-04-27 02:00:00,2.556,0.950832,1.1706480000000001,1.0,2.020755980861244,1.689352,2.86
2026-04-27 03:00:00,2.556,0.950832,1.1706480000000001,1.0,2.2480287081339707,1.8793519999999995,3.05
2026-04-27 04:00:00,2.556000000000001,0.9508320000000003,1.1706480000000006,1.0,2.654727272727272,2.2193519999999993,3.39
2026-04-27 05:00:00,2.556000000000001,0.9508320000000003,1.1706480000000006,1.0,3.0733875598086122,2.569352,3.74
2026-04-27 06:00:00,2.556,0.950832,1.1706480000000001,1.0,3.2767368421052634,2.7393520000000002,3.91
2026-04-27 07:00:00,2.556,0.950832,1.1706480000000001,1.0,3.1571196172248808,2.639352,3.81
2026-04-27 08:00:00,2.556,0.950832,1.1706480000000001,1.0,2.487263157894737,2.079352,3.25
2026-04-27 09:00:00,2.5560000000000005,0.9508320000000001,1.1706480000000004,1.0,2.1044880382775117,1.7593519999999998,2.93
2026-04-27 10:00:00,2.5559999999999996,0.9508319999999999,1.170648,1.0,1.7575980861244023,1.4693520000000002,2.64
2026-04-27 11:00:00,2.5559999999999996,0.9508319999999999,1.170648,1.0,1.6499425837320574,1.379352,2.55
2026-04-27 12:00:00,2.5559999999999996,0.9508319999999999,1.170648,1.0,1.5781722488038283,1.3193520000000005,2.49
2026-04-27 13:00:00,2.5560000000000005,0.9508320000000001,1.1706480000000004,1.0,1.6619043062200956,1.389352,2.56
2026-04-27 14:00:00,2.556,0.950832,1.1706480000000001,1.0,1.6379808612440192,1.369352,2.54
2026-04-27 15:00:00,2.5560000000000005,0.9508320000000001,1.1706480000000004,1.0,1.590133971291866,1.3293519999999999,2.5
2026-04-27 16:00:00,2.556,0.950832,1.1706480000000001,1.0,1.69778947368421,1.4193519999999995,2.59
2026-04-27 17:00:00,2.5559999999999996,0.9508319999999999,1.170648,1.0,1.9729090909090907,1.6493519999999997,2.82
2026-04-27 18:00:00,2.556000000000001,0.9508320000000003,1.1706480000000006,1.0,2.4274545454545455,2.029352,3.2
2026-04-27 19:00:00,2.556000000000001,0.9508320000000003,1.1706480000000006,1.0,2.798267942583731,2.339351999999999,3.51
2026-04-27 20:00:00,2.556000000000001,0.9508320000000003,1.1706480000000006,1.0,2.9537703349282296,2.4693519999999998,3.64
2026-04-27 21:00:00,2.556000000000001,0.9508320000000003,1.1706480000000006,1.0,2.905923444976076,2.4293519999999993,3.6
2026-04-27 22:00:00,2.555999999999999,0.9508319999999997,1.1706479999999997,1.0,2.4513779904306228,2.0493520000000007,3.22
2026-04-27 23:00:00,2.556,0.950832,1.1706480000000001,1.0,1.7815215311004786,1.489352,2.66
2026-04-28 00:00:00,2.556,0.950832,1.1706480000000001,1.0,1.554248803827751,1.2993519999999998,2.47
2026-04-28 01:00:00,2.5560000000000005,0.9508320000000001,1.1706480000000004,1.0,1.590133971291866,1.3293519999999999,2.5
2026-04-28 02:00:00,2.556,0.950832,1.1706480000000001,1.0,1.69778947368421,1.4193519999999995,2.59
2026-04-28 03:00:00,2.5559999999999996,0.9508319999999999,1.170648,1.0,1.9370239234449762,1.6193520000000001,2.79
2026-04-28 04:00:00,2.556000000000001,0.9508320000000003,1.1706480000000006,1.0,2.3556842105263156,1.9693519999999998,3.14
2026-04-28 05:00:00,2.556000000000001,0.9508320000000003,1.1706480000000006,1.0,2.8819999999999997,2.4093519999999997,3.58
2026-04-28 06:00:00,2.556000000000001,0.9508320000000003,1.1706480000000006,1.0,3.0733875598086122,2.569352,3.74
2026-04-28 07:00:00,2.556,0.950832,1.1706480000000001,1.0,2.965732057416268,2.479352,3.65
2026-04-28 08:00:00,2.556000000000001,0.9508320000000003,1.1706480000000006,1.0,2.343722488038277,1.9593519999999995,3.13
2026-04-28 09:00:00,2.556,0.950832,1.1706480000000001,1.0,1.9968325358851675,1.669352,2.84
2026-04-28 10:00:00,2.556,0.950832,1.1706480000000001,1.0,1.6260191387559806,1.3593519999999997,2.53
2026-04-28 11:00:00,2.556,0.950832,1.1706480000000001,1.0,1.6020956937799042,1.3393519999999999,2.51
2026-04-28 12:00:00,2.556,0.950832,1.1706480000000001,1.0,1.5303253588516748,1.279352,2.45
2026-04-28 13:00:00,2.5559999999999996,0.9508319999999999,1.170648,1.0,1.6140574162679429,1.349352,2.52
2026-04-28 14:00:00,2.556,0.950832,1.1706480000000001,1.0,1.554248803827751,1.2993519999999998,2.47
2026-04-28 15:00:00,2.5559999999999996,0.9508319999999999,1.170648,1.0,1.5064019138755984,1.2593520000000002,2.43
2026-04-28 16:00:00,2.5559999999999996,0.9508319999999999,1.170648,1.0,1.6499425837320574,1.379352,2.55
2026-04-28 17:00:00,2.5560000000000005,0.9508320000000001,1.1706480000000004,1.0,1.877215311004785,1.569352,2.74
2026-04-28 18:00:00,2.556,0.950832,1.1706480000000001,1.0,2.3317607655502393,1.949352,3.12
2026-04-28 19:00:00,2.556000000000001,0.9508320000000003,1.1706480000000006,1.0,2.6786507177033494,2.239352,3.41
2026-04-28 20:00:00,2.556000000000001,0.9508320000000003,1.1706480000000006,1.0,2.8580765550239233,2.3893519999999997,3.56
2026-04-28 21:00:00,2.556,0.950832,1.1706480000000001,1.0,2.8102296650717706,2.349352,3.52
2026-04-28 22:00:00,2.556000000000001,0.9508320000000003,1.1706480000000006,1.0,2.3197990430622006,1.9393519999999997,3.11
2026-04-28 23:00:00,2.5559999999999996,0.9508319999999999,1.170648,1.0,1.6499425837320574,1.379352,2.55
2026-04-29 00:00:00,2.556,0.950832,1.1706480000000001,1.0,1.4465933014354067,1.209352,2.38
2026-04-29 01:00:00,2.556,0.950832,1.1706480000000001,1.0,1.4944401913875598,1.249352,2.42
2026-04-29 02:00:00,2.556,0.950832,1.1706480000000001,1.0,1.5662105263157893,1.3093519999999998,2.48
2026-04-29 03:00:00,2.5560000000000005,0.9508320000000001,1.1706480000000004,1.0,1.76955980861244,1.4793519999999998,2.65
2026-04-29 04:00:00,2.5560000000000005,0.9508320000000001,1.1706480000000004,1.0,2.1762583732057417,1.8193519999999999,2.99
2026-04-29 05:00:00,2.556000000000001,0.9508320000000003,1.1706480000000006,1.0,2.6786507177033494,2.239352,3.41
2026-04-29 06:00:00,2.556,0.950832,1.1706480000000001,1.0,2.834153110047847,2.369352,3.54
2026-04-29 07:00:00,2.556000000000001,0.9508320000000003,1.1706480000000006,1.0,2.798267942583731,2.339351999999999,3.51
2026-04-29 08:00:00,2.556,0.950832,1.1706480000000001,1.0,2.271952153110048,1.899352,3.07
2026-04-29 09:00:00,2.5559999999999996,0.9508319999999999,1.170648,1.0,1.9370239234449762,1.6193520000000001,2.79
2026-04-29 10:00:00,2.556,0.950832,1.1706480000000001,1.0,1.69778947368421,1.4193519999999995,2.59
2026-04-29 11:00:00,2.556,0.950832,1.1706480000000001,1.0,1.6379808612440192,1.369352,2.54
2026-04-29 12:00:00,2.556,0.950832,1.1706480000000001,1.0,1.4944401913875598,1.249352,2.42
2026-04-29 13:00:00,2.5559999999999996,0.9508319999999999,1.170648,1.0,1.5781722488038283,1.3193520000000005,2.49
2026-04-29 14:00:00,2.556,0.950832,1.1706480000000001,1.0,1.5183636363636361,1.2693519999999998,2.44
2026-04-29 15:00:00,2.556,0.950832,1.1706480000000001,1.0,1.5303253588516748,1.279352,2.45
2026-04-29 16:00:00,2.5559999999999996,0.9508319999999999,1.170648,1.0,1.6499425837320574,1.379352,2.55
2026-04-29 17:00:00,2.5559999999999996,0.9508319999999999,1.170648,1.0,1.8293684210526318,1.529352,2.7
2026-04-29 18:00:00,2.556,0.950832,1.1706480000000001,1.0,2.271952153110048,1.899352,3.07
2026-04-29 19:00:00,2.556,0.950832,1.1706480000000001,1.0,2.582956937799043,2.159352,3.33
2026-04-29 20:00:00,2.556,0.950832,1.1706480000000001,1.0,2.8102296650717706,2.349352,3.52
2026-04-29 21:00:00,2.556000000000001,0.9508320000000003,1.1706480000000006,1.0,2.7863062200956934,2.3293519999999996,3.5
2026-04-29 22:00:00,2.556,0.950832,1.1706480000000001,1.0,2.307837320574163,1.9293520000000002,3.1
2026-04-29 23:00:00,2.556,0.950832,1.1706480000000001,1.0,1.69778947368421,1.4193519999999995,2.59
2026-04-30 00:00:00,2.5560000000000005,0.9508320000000001,1.1706480000000004,1.0,1.4824784688995216,1.239352,2.41
2026-04-30 01:00:00,2.556,0.950832,1.1706480000000001,1.0,1.5183636363636361,1.2693519999999998,2.44
2026-04-30 02:00:00,2.556,0.950832,1.1706480000000001,1.0,1.6020956937799042,1.3393519999999999,2.51
2026-04-30 03:00:00,2.5559999999999996,0.9508319999999999,1.170648,1.0,1.8293684210526318,1.529352,2.7
2026-04-30 04:00:00,2.5559999999999996,0.9508319999999999,1.170648,1.0,2.1882200956937803,1.8293520000000003,3.0
2026-04-30 05:00:00,2.556000000000001,0.9508320000000003,1.1706480000000006,1.0,2.618842105263157,2.1893519999999995,3.36
2026-04-30 06:00:00,2.556000000000001,0.9508320000000003,1.1706480000000006,1.0,2.798267942583731,2.339351999999999,3.51
2026-04-30 07:00:00,2.556000000000001,0.9508320000000003,1.1706480000000006,1.0,2.6786507177033494,2.239352,3.41
2026-04-30 08:00:00,2.5560000000000005,0.9508320000000001,1.1706480000000004,1.0,2.0686028708133968,1.7293519999999996,2.9
2026-04-30 09:00:00,2.556,0.950832,1.1706480000000001,1.0,1.7456363636363637,1.459352,2.63
2026-04-30 10:00:00,2.5559999999999996,0.9508319999999999,1.170648,1.0,1.5064019138755984,1.2593520000000002,2.43
2026-04-30 11:00:00,2.556,0.950832,1.1706480000000001,1.0,1.4107081339712917,1.1793519999999997,2.35
2026-04-30 12:00:00,2.556,0.950832,1.1706480000000001,1.0,1.279129186602871,1.069352,2.24
2026-04-30 13:00:00,2.556,0.950832,1.1706480000000001,1.0,1.4226698564593299,1.1893519999999997,2.36
2026-04-30 14:00:00,2.556,0.950832,1.1706480000000001,1.0,1.3508995215311004,1.129352,2.3
2026-04-30 15:00:00,2.556,0.950832,1.1706480000000001,1.0,1.3748229665071767,1.1493519999999997,2.32
2026-04-30 16:00:00,2.5559999999999996,0.9508319999999999,1.170648,1.0,1.6140574162679429,1.349352,2.52
2026-04-30 17:00:00,2.556,0.950832,1.1706480000000001,1.0,1.7456363636363637,1.459352,2.63
2026-04-30 18:00:00,2.5560000000000005,0.9508320000000001,1.1706480000000004,1.0,2.0686028708133968,1.7293519999999996,2.9
2026-04-30 19:00:00,2.556,0.950832,1.1706480000000001,1.0,2.3915693779904306,1.9993519999999998,3.17
2026-04-30 20:00:00,2.556000000000001,0.9508320000000003,1.1706480000000006,1.0,2.690612440191387,2.2493519999999996,3.42
2026-04-30 21:00:00,2.556000000000001,0.9508320000000003,1.1706480000000006,1.0,2.7863062200956934,2.3293519999999996,3.5
2026-04-30 22:00:00,2.556,0.950832,1.1706480000000001,1.0,2.200181818181818,1.8393519999999999,3.01
2026-04-30 23:00:00,2.556,0.950832,1.1706480000000001,1.0,1.6260191387559806,1.3593519999999997,2.53
